<?xml version="1.0" encoding="UTF-8"?>
<addon id="game.libretro.atari800" name="Atari - 5200 (Atari800)" version="3.1.0.18.1" provider-name="Petr Stehlik">
  <requires>
    <import addon="game.libretro" version="1.0.0"/>
  </requires>
  <extension point="kodi.gameclient" library_linux="game.libretro.atari800.so">
    <platforms/>
    <extensions>xfd|atr|cdm|cas|bin|a52|zip|atx|car|com|xex</extensions>
    <supports_vfs>false</supports_vfs>
    <supports_standalone>false</supports_standalone>
    <requires_opengl>false</requires_opengl>
  </extension>
  <extension point="xbmc.addon.metadata">
    <license>GPLv2</license>
    <platform/>
    <source>https://github.com/kodi-game/game.libretro.atari800</source>
    <assets>
      <icon>resources/icon.png</icon>
    </assets>
    <summary lang="en_GB">Atari - 5200 (Atari800) 3.1.0</summary>
    <description lang="en_GB">Atari800 is an emulator for Atari 8-bit computer systems (400, 800, 600 XL, 800XL, 130XE and 5200).</description>
    <description lang="zh_CN">Atari800 是雅达利8位计算机系统（400、800、600XL、800XL、130XE 和 5200）的仿真器。</description>
  </extension>
</addon>
