<?xml version="1.0" encoding="UTF-8" standalone="yes"?>
<addon id="virtual.network-tools"
       name="Network Tools"
       version="20.0.1.0"
       provider-name="Team CoreELEC">
  <requires>
    <import addon="xbmc.python" version="3.0.0"/>

  </requires>
  <extension point="xbmc.python.script" library="default.py">
    <provides></provides>
  </extension>
  <extension point="xbmc.addon.metadata">
    <summary>A bundle of network tools and programs</summary>
    <description>
This bundle currently includes bwm-ng, iftop, iperf, irssi, lftp, ncftp, ngrep, nmap, rar2fs, rsync, sshfs, sshpass, tcpdump, udpxy and wireless_tools.
    </description>
    <disclaimer>

    </disclaimer>
    <platform>all</platform>
    <news>
initial release
    </news>
    <assets>
      <icon>resources/icon.png</icon>
      <fanart>resources/fanart.png</fanart>

    </assets>
  </extension>
</addon>
