<?xml version="1.0" encoding="UTF-8"?>
<addon id="game.libretro.mame2010" name="Arcade (MAME 2010)" version="0.139.0.20.1" provider-name="MAMEdev">
  <requires>
    <import addon="game.libretro" version="1.0.0"/>
  </requires>
  <extension point="kodi.gameclient" library_linux="game.libretro.mame2010.so">
    <platforms/>
    <extensions>zip|chd|7z</extensions>
    <supports_vfs>false</supports_vfs>
    <supports_standalone>false</supports_standalone>
    <requires_opengl>false</requires_opengl>
  </extension>
  <extension point="xbmc.addon.metadata">
    <license>MAME</license>
    <platform/>
    <source>https://github.com/kodi-game/game.libretro.mame2010</source>
    <assets>
      <icon>resources/icon.png</icon>
    </assets>
    <summary lang="en_GB">Arcade (MAME 2010) 0.139</summary>
    <description lang="da_DK">Sen 2010-version af MAME (0.139) til libretro. Kompatibel med MAME 0.139 sæt.</description>
    <description lang="en_GB">Late 2010 version of MAME (0.139) for libretro. Compatible with MAME 0.139 sets.</description>
    <description lang="zh_CN">2010 年末 libretro 版本的 MAME（0.139）。兼容 MAME 0.139。</description>
  </extension>
</addon>
