<?xml version="1.0" encoding="UTF-8"?>
<addon id="audiodecoder.ncsf" version="3.0.0.4" name="NCSF Audio Decoder" provider-name="spiff">
  <requires>
    <import addon="kodi.binary.global.main" minversion="1.2.0" version="1.3.0"/>
    <import addon="kodi.binary.global.filesystem" minversion="1.1.0" version="1.1.6"/>
    <import addon="kodi.binary.instance.audiodecoder" minversion="3.0.0" version="3.0.0"/>
  </requires>
  <extension point="kodi.audiodecoder" name="ncsf" extension=".minincsf" tags="true" library_linux="audiodecoder.ncsf.so.3.0.0"/>
  <extension point="xbmc.addon.metadata">
    <summary lang="de_DE">NCSF (Nitro Composer Sound Format) Audio Decoder</summary>
    <summary lang="en_GB">NCSF (Nitro Composer Sound Format) Audio Decoder</summary>
    <description lang="de_DE">Fügt Dekodierungsunterstützung für Nitro Composer Sound Format-Dateien (.NCSF / .MININCSF) hinzu.

Das Nitro Composer Sound Format (NCSF) ist ein PSF-Stil für Nintendo DS-Musik, insbesondere Musik, die über Nitro Composer erstellt wurde, einen Tracker-ähnlichen Komponisten, der Teil des Nitro SDK von Nintendo für den Nintendo DS ist.</description>
    <description lang="en_GB">Adds decoding support for Nitro Composer Sound Format files (.NCSF/.MININCSF).

Nitro Composer Sound Format (NCSF) is a PSF-style for Nintendo DS music, specifically music that was created via Nitro Composer, a tracker-like composer that is part of Nintendo's Nitro SDK for the Nintendo DS.</description>
    <platform/>
    <license>GPL-2.0-or-later</license>
    <source>https://github.com/xbmc/audiodecoder.ncsf</source>
    <assets>
      <icon>icon.png</icon>
    </assets>
  </extension>
</addon>
