<?xml version="1.0" encoding="UTF-8"?>
<addon id="game.libretro.vice" name="Commodore - C64 (VICE x64, fast)" version="3.5.0.21.1" provider-name="VICE Team">
  <requires>
    <import addon="game.libretro" version="1.0.0"/>
    <import addon="game.controller.default" version="1.0.0"/>
    <import addon="game.controller.keyboard" version="1.0.0"/>
    <import addon="game.controller.mouse" version="1.0.0"/>
  </requires>
  <extension point="kodi.gameclient" library_linux="game.libretro.vice.so">
    <platforms/>
    <extensions>d64|d71|d80|d81|d82|g64|g41|x64|t64|tap|prg|p00|crt|bin|zip|7z|gz|d6z|d7z|d8z|g6z|g4z|x6z|cmd|m3u|vfl|vsf|nib|nbz|d2m|d4m</extensions>
    <supports_vfs>false</supports_vfs>
    <supports_standalone>true</supports_standalone>
    <requires_opengl>false</requires_opengl>
  </extension>
  <extension point="xbmc.addon.metadata">
    <license>GPLv2</license>
    <platform/>
    <source>https://github.com/kodi-game/game.libretro.vice</source>
    <assets>
      <icon>resources/icon.png</icon>
    </assets>
    <summary lang="en_GB">Commodore - C64 (VICE x64, fast) 3.5</summary>
    <description lang="da_DK">VICE står for Versatile Commodore Emulator. Den nuværende version emulerer C64, C64DTV, C128, VIC20, praktisk talt alle PET-modeller, PLUS4 og CBM-II (aka C610/C510).</description>
    <description lang="en_GB">VICE stands for the Versatile Commodore Emulator. The current version emulates the C64, the C64DTV, the C128, the VIC20, practically all PET models, the PLUS4 and the CBM-II (aka C610/C510).</description>
    <description lang="es_MX">VICE es un acrónimo de Emulador de Commodore Versátil (por sus siglas en inglés, Versatile Commodore Emulator). La versión actual es capaz de emular la C64, la C64DTV, la C128, la VIC20, prácticamente todos los modelos PET, la PLUS4 y la CBM-II (alias C610/C510).</description>
  </extension>
</addon>
