<?xml version="1.0" encoding="UTF-8"?>
<addon id="pvr.waipu" version="20.6.0.1" name="waipu.tv PVR Client" provider-name="flubshi">
  <requires>
    <import addon="kodi.binary.global.main" minversion="2.0.0" version="2.0.2"/>
    <import addon="kodi.binary.global.general" minversion="1.0.4" version="1.0.5"/>
    <import addon="kodi.binary.global.gui" minversion="5.15.0" version="5.15.0"/>
    <import addon="kodi.binary.global.filesystem" minversion="1.1.7" version="1.1.7"/>
    <import addon="kodi.binary.global.network" minversion="1.0.0" version="1.0.4"/>
    <import addon="kodi.binary.global.tools" minversion="1.0.0" version="1.0.4"/>
    <import addon="kodi.binary.instance.pvr" minversion="8.2.0" version="8.2.0"/>
    <import addon="script.module.inputstreamhelper" version="0.5.5"/>
    <import addon="inputstream.adaptive" minversion="2.6.15"/>
  </requires>
  <extension point="kodi.pvrclient" library_linux="pvr.waipu.so.20.6.0"/>
  <extension point="xbmc.addon.metadata">
    <platform/>
    <license>GNU General Public License. Version 2, June 1991</license>
    <forum/>
    <website>https://www.waipu.tv/</website>
    <email/>
    <source>https://github.com/flubshi/pvr.waipu</source>
    <assets>
      <icon>icon.png</icon>
      <fanart>fanart.jpg</fanart>
      <screenshot>resources/screenshots/screenshot-01.jpg</screenshot>
      <screenshot>resources/screenshots/screenshot-02.jpg</screenshot>
    </assets>
    <news>
- 20.5.1 Remove Sport1 from HLS allowlist
- 20.5.0 Update translations; Implement EPG tag preview images
- 20.4.2 Update translations from weblate; Update eit Categories
    </news>
    <summary lang="da_DK">waipu.tv PVR-klient</summary>
    <summary lang="de_DE">waipu.tv PVR Client</summary>
    <summary lang="en_GB">waipu.tv PVR Client</summary>
    <summary lang="es_ES">Cliente PVR waipu.tv</summary>
    <summary lang="es_MX">Cliente PVR de waipu.tv</summary>
    <summary lang="it_IT">waipu.tv client PVR</summary>
    <summary lang="ko_KR">waipu.tv PVR 클라이언트</summary>
    <description lang="da_DK">waipu.tv PVR-klient. Bemærk: Dette er ikke et officielt waipu-plugin og er ikke relateret til Exaring AG eller waipu.tv. Det er udviklet af frivillige.</description>
    <description lang="de_DE">waipu.tv PVR Client. Hinweis: Dies ist kein offizielles Waipu-Plugin und steht nicht in Verbindung zur Exaring AG oder zu waipu.tv. Es wurde von Freiwilligen entwickelt.</description>
    <description lang="en_GB">waipu.tv PVR Client. Note: This is not an official waipu plugin and not related to Exaring AG or waipu.tv. It was developed by volunteers.</description>
    <description lang="es_ES">Cliente PVR waipu.tv. Nota: Este no es un plugin oficial de waipu y no está relacionado con Exaring AG o waipu.tv. Esta desarrollado por voluntarios.</description>
    <description lang="es_MX">Cliente PVR de waipu.tv. Nota: Este no es un complemento oficial de waipu y no está relacionado a Exaring AG o waipu.tv. Ha sido desarrollado por voluntarios.</description>
    <description lang="it_IT">waipu.tv client PVR. Nota: questo non è un plug-in waipu ufficiale e non è correlato a Exaring AG o waipu.tv. È stato sviluppato da volontari.</description>
    <description lang="ko_KR">waipu.tv PVR 클라이언트. 참고: 이것은 공식 waipu 플러그인이 아니며 Exaring AG 또는 waipu.tv와 관련이 없습니다. 자원 봉사자에 의해 개발되었습니다.</description>
  </extension>
</addon>
