<?xml version="1.0" encoding="UTF-8"?>
<addon id="game.libretro.prboom" name="Doom (PrBoom)" version="2.5.0.33.2" provider-name="Florian Schulze">
  <requires>
    <import addon="game.libretro" version="1.0.0"/>
    <import addon="game.controller.default" version="1.0.0"/>
    <import addon="game.controller.keyboard" version="1.0.0"/>
    <import addon="game.controller.mouse" version="1.0.0"/>
  </requires>
  <extension point="kodi.gameclient" library_linux="game.libretro.prboom.so">
    <platforms/>
    <extensions>wad|iwad|pwad|lmp</extensions>
    <supports_vfs>false</supports_vfs>
    <supports_standalone>false</supports_standalone>
    <requires_opengl>false</requires_opengl>
  </extension>
  <extension point="xbmc.addon.metadata">
    <license>GPLv2</license>
    <platform/>
    <source>https://github.com/kodi-game/game.libretro.prboom</source>
    <assets>
      <icon>resources/icon.png</icon>
      <screenshot>resources/screenshot-01.jpg</screenshot>
      <screenshot>resources/screenshot-02.jpg</screenshot>
      <screenshot>resources/screenshot-03.jpg</screenshot>
    </assets>
    <summary lang="en_GB">Doom (PrBoom) v2.5.0</summary>
    <description lang="da_DK">PrBoom, forkortelse for "Professor Boom", er en version af det klassiske 3D shoot'em'up-spil Doom, oprindeligt skrevet af id Software.[CR][CR]Se dokumentationen for en liste over nødvendige filer.</description>
    <description lang="en_GB">PrBoom, short for "Professor Boom", is a version of the classic 3D shoot'em'up game Doom, originally written by id Software.[CR][CR]See the documentation for a list of required files.</description>
  </extension>
</addon>
