<?xml version="1.0" encoding="UTF-8"?>
<addon id="pvr.waipu" version="20.1.1.1" name="waipu.tv PVR Client" provider-name="flubshi">
  <requires>
    <import addon="kodi.binary.global.main" minversion="1.2.0" version="1.3.1"/>
    <import addon="kodi.binary.global.general" minversion="1.0.4" version="1.0.5"/>
    <import addon="kodi.binary.global.filesystem" minversion="1.1.0" version="1.1.6"/>
    <import addon="kodi.binary.global.network" minversion="1.0.0" version="1.0.4"/>
    <import addon="kodi.binary.instance.pvr" minversion="8.0.0" version="8.0.1"/>
    <import addon="script.module.inputstreamhelper" version="0.5.5"/>
    <import addon="inputstream.adaptive" minversion="2.6.15"/>
  </requires>
  <extension point="kodi.pvrclient" library_linux="pvr.waipu.so.20.1.1"/>
  <extension point="xbmc.addon.metadata">
    <platform/>
    <license>GNU General Public License. Version 2, June 1991</license>
    <forum/>
    <website>https://www.waipu.tv/</website>
    <email/>
    <source>https://github.com/flubshi/pvr.waipu</source>
    <assets>
      <icon>icon.png</icon>
      <fanart>fanart.jpg</fanart>
      <screenshot>resources/screenshots/screenshot-01.jpg</screenshot>
      <screenshot>resources/screenshots/screenshot-02.jpg</screenshot>
    </assets>
    <news>
- 20.1.1 Update language files from weblate
- 20.1.0 Kodi PVR API to 8.0.0
- 20.0.1 Translations updates from Weblate
- 20.0.0
  - Translations updates from Weblate
    - ko_kr
    - Changed to allow also addon.xml content update by Weblate
  - Cleanup and improve Debian packaging
  - Minor cleanup on addon.xml (change en_US to en_GB)
  - Changed test builds to 'Kodi 20 Nexus'
  - Increased version to 20.0.0
    - With start of Kodi 20 Nexus, takes addon as major the same version number as Kodi.
      This done to know easier to which Kodi the addon works.
- 2.9.4 Set PVR Addon User-Agent
- 2.9.2 Improve internal login handling
- 2.9.1 Use UUIDv4 for device id
- 2.9.0 Internal session handling changes, support device_id
- 2.8.4 Implement series recording
- 2.8.3 Store refresh token; do not log password
    </news>
    <summary lang="da_DK">waipu.tv PVR-klient</summary>
    <summary lang="de_DE">waipu.tv PVR Client</summary>
    <summary lang="en_GB">waipu.tv PVR Client</summary>
    <summary lang="es_MX">Cliente PVR de waipu.tv</summary>
    <summary lang="ko_KR">waipu.tv PVR 클라이언트</summary>
    <description lang="da_DK">waipu.tv PVR-klient. Bemærk: Dette er ikke et officielt waipu-plugin og er ikke relateret til Exaring AG eller waipu.tv. Det er udviklet af frivillige.</description>
    <description lang="de_DE">waipu.tv PVR Client. Hinweis: Dies ist kein offizielles Waipu-Plugin und steht nicht in Verbindung zur Exaring AG oder zu waipu.tv. Es wurde von Freiwilligen entwickelt.</description>
    <description lang="en_GB">waipu.tv PVR Client. Note: This is not an official waipu plugin and not related to Exaring AG or waipu.tv. It was developed by volunteers.</description>
    <description lang="es_MX">Cliente PVR de waipu.tv. Nota: Este no es un complemento oficial de waipu y no está relacionado a Exaring AG o waipu.tv. Ha sido desarrollado por voluntarios.</description>
    <description lang="ko_KR">waipu.tv PVR 클라이언트. 참고: 이것은 공식 waipu 플러그인이 아니며 Exaring AG 또는 waipu.tv와 관련이 없습니다. 자원 봉사자에 의해 개발되었습니다.</description>
  </extension>
</addon>
