<?xml version="1.0" encoding="UTF-8" standalone="yes"?>
<addon id="tools.dotnet-runtime"
       name="ASP.Net Core Runtimes"
       version="20.0.118"
       provider-name="Anton Voyl (awiouy)">
  <requires>
    <import addon="xbmc.python" version="3.0.0"/>

  </requires>
  <extension point="xbmc.python.script" library="default.py">
    <provides></provides>
  </extension>
  <extension point="xbmc.addon.metadata">
    <summary>ASP.NET Core Runtime</summary>
    <description>
ASP.NET Core Runtimes (3.1.16) and (6.0.5) enables you to run existing console/web/server applications.
    </description>
    <disclaimer>

    </disclaimer>
    <platform>all</platform>
    <news>
118
- Repackaged to only include ASP.NET 6 (as .NET 6 Runtime is included within ASP.NET.)
- LibreELEC now only includes OpenSSL 3 and not OpenSSL 1.x.
  - .NET 6 is the first .NET version to support OpenSSL 3.
  - If your .NET Core 3.1 application requires OpenSSL - it will not work with
    this release of LibreELEC.

117
- Update .NET Runtime 6.0.5
- Update ASP.NET Core Runtime 6.0.5

116
- Update .NET Runtime 6.0.4
- Update ASP.NET Core Runtime 6.0.4

115
- Add .NET Runtime 6.0.1
- Add ASP.NET Core Runtime 6.0.1
- Drop .NET Runtime 5.0.7
- Drop ASP.NET Core Runtime 5.0.7

114
- Add .NET Runtime 5.0.7
- Add ASP.NET Core Runtime 5.0.7

113
- Update to ASP.NET Core Runtime 3.1.16

112
- Update to ASP.NET Core Runtime 3.1.10

111
- Update to ASP.NET Core Runtime 3.1.9
- Download source to architecture specific file
- Add icu4c libraries
- Remove superfluous libraries

110
- Update to 3.1.5

109
- Fix x86_64 url

108
- Update to 3.1.3

107
- Update to 2.2.6

106
- Update to 2.2.4

105
- Update to 2.2.3

104
- Update to 2.2.0

103
- Update to 2.1.6

102
- Update to 2.1.4

101
- Update to 2.1.3

100
- Initial release
    </news>
    <assets>
      <icon>resources/icon.png</icon>
      <fanart>resources/fanart.png</fanart>

    </assets>
  </extension>
</addon>
