<?xml version="1.0" encoding="UTF-8"?>
<addon id="audiodecoder.qsf" version="20.0.0.1" name="QSF Audio Decoder" provider-name="spiff">
  <requires>
    <import addon="kodi.binary.global.main" minversion="1.2.0" version="1.3.0"/>
    <import addon="kodi.binary.global.general" minversion="1.0.4" version="1.0.5"/>
    <import addon="kodi.binary.global.filesystem" minversion="1.1.0" version="1.1.6"/>
    <import addon="kodi.binary.instance.audiodecoder" minversion="3.0.0" version="3.0.0"/>
  </requires>
  <extension point="kodi.audiodecoder" name="qsf" extension=".miniqsf" tags="true" library_linux="audiodecoder.qsf.so.20.0.0"/>
  <extension point="xbmc.addon.metadata">
    <platform/>
    <license>GPL-2.0-or-later</license>
    <source>https://github.com/xbmc/audiodecoder.qsf</source>
    <assets>
      <icon>icon.png</icon>
    </assets>
    <summary lang="de_DE">Capcom QSound QSF Audio Decoder</summary>
    <summary lang="en_GB">Capcom QSound QSF Audio Decoder</summary>
    <description lang="de_DE">Fügt Dekodierungsunterstützung für Capcom QSound Sound Format-Dateien (.QSF / .MINIQSF) hinzu.[CR][CR]QSound ist der ursprüngliche Name für einen dreidimensionalen (3D) Tonverarbeitungsalgorithmus von QSound Labs, der 3D-Audioeffekte aus mehreren monophonen Quellen erstellt und die Ausgänge für die Präsentation über normale Stereolautsprecher auf zwei Kanäle summiert.</description>
    <description lang="en_GB">Adds decoding support for Capcom QSound Sound Format files (.QSF/.MINIQSF).[CR][CR]QSound is the original name for a positional three-dimensional (3D) sound processing algorithm from QSound Labs that creates 3D audio effects from multiple monophonic sources and sums the outputs to two channels for presentation over regular stereo speakers.</description>
  </extension>
</addon>
