<?xml version="1.0" encoding="UTF-8"?>
<addon id="screensaver.shadertoy" version="20.1.0.3" name="Shadertoy Screensavers" provider-name="afedchin">
  <requires>
    <import addon="kodi.binary.global.main" minversion="2.0.0" version="2.0.2"/>
    <import addon="kodi.binary.global.general" minversion="1.0.4" version="1.0.5"/>
    <import addon="kodi.binary.global.gui" minversion="5.15.0" version="5.15.0"/>
    <import addon="kodi.binary.global.filesystem" minversion="1.1.7" version="1.1.7"/>
    <import addon="kodi.binary.instance.screensaver" minversion="2.2.0" version="2.2.0"/>
  </requires>
  <extension point="xbmc.ui.screensaver" library_linux="screensaver.shadertoy.so.20.1.0"/>
  <extension point="xbmc.addon.metadata">
    <platform/>
    <license>GPL-2.0-or-later</license>
    <source>https://github.com/xbmc/screensaver.shadertoy</source>
    <assets>
      <icon>resources/icon.png</icon>
      <fanart>resources/fanart.jpg</fanart>
      <screenshot>resources/screenshot-01.jpg</screenshot>
      <screenshot>resources/screenshot-02.jpg</screenshot>
      <screenshot>resources/screenshot-03.jpg</screenshot>
      <screenshot>resources/screenshot-04.jpg</screenshot>
      <screenshot>resources/screenshot-05.jpg</screenshot>
      <screenshot>resources/screenshot-06.jpg</screenshot>
      <screenshot>resources/screenshot-07.jpg</screenshot>
      <screenshot>resources/screenshot-08.jpg</screenshot>
      <screenshot>resources/screenshot-09.jpg</screenshot>
      <screenshot>resources/screenshot-10.jpg</screenshot>
    </assets>
    <summary lang="da_DK">Tilfældige pauseskærme fra Shadertoy</summary>
    <summary lang="de_DE">Zufällige Bildschirmschoner von Shadertoy</summary>
    <summary lang="en_GB">Random screensavers from Shadertoy</summary>
    <description lang="da_DK">Brug de bedste shaders i verden med Shadertoy og tilføj dem, hvis du har lyst.</description>
    <description lang="de_DE">Verwenden Sie mit Shadertoy die besten Shader der Welt und fügen Sie sie hinzu, wenn Sie möchten.</description>
    <description lang="en_GB">Use the best shaders in the world with Shadertoy and add them if you want.</description>
  </extension>
</addon>
