<?xml version="1.0" encoding="UTF-8"?>
<addon id="pvr.teleboy" version="20.3.0.3" name="Teleboy PVR Client" provider-name="rbuehlma">
  <requires>
    <import addon="kodi.binary.global.main" minversion="2.0.0" version="2.0.2"/>
    <import addon="kodi.binary.global.general" minversion="1.0.4" version="1.0.5"/>
    <import addon="kodi.binary.global.filesystem" minversion="1.1.7" version="1.1.7"/>
    <import addon="kodi.binary.instance.pvr" minversion="8.2.0" version="8.2.0"/>
    <import addon="inputstream.adaptive" minversion="2.4.2"/>
    <import addon="script.module.inputstreamhelper" version="0.5.8"/>
  </requires>
  <extension point="kodi.pvrclient" library_linux="pvr.teleboy.so.20.3.0"/>
  <extension point="xbmc.addon.metadata">
    <summary lang="de_DE">Kodi-PVR-Client für Teleboy</summary>
    <summary lang="en_AU">Kodi's frontend for Teleboy</summary>
    <summary lang="en_GB">Kodi's frontend for Teleboy</summary>
    <summary lang="en_NZ">Kodi's frontend for Teleboy</summary>
    <summary lang="en_US">Kodi's frontend for Teleboy</summary>
    <description lang="de_DE">PVR-Client für Teleboy. Unterstützt TV &amp; Aufnahmen, TV-Guide (EPG) und Timer.</description>
    <description lang="en_AU">Teleboy frontend; supporting streaming of Live TV &amp; Recordings, EPG, Timers</description>
    <description lang="en_GB">Teleboy frontend; supporting streaming of Live TV &amp; Recordings, EPG, Timers</description>
    <description lang="en_NZ">Teleboy frontend; supporting streaming of Live TV &amp; Recordings, EPG, Timers</description>
    <description lang="en_US">Teleboy frontend; supporting streaming of Live TV &amp; Recordings, EPG, Timers</description>
    <disclaimer lang="de_DE">Die Autoren sind in keiner Weise verantwortlich für fehlgeschlagene Aufnahmen, falsche Timer, verschwendete Zeit oder andere ungewünschte Effekte.</disclaimer>
    <disclaimer lang="en_AU">The authors are in no way responsible for failed recordings, incorrect timers, wasted hours, or any other undesirable effects.</disclaimer>
    <disclaimer lang="en_GB">The authors are in no way responsible for failed recordings, incorrect timers, wasted hours, or any other undesirable effects.</disclaimer>
    <disclaimer lang="en_NZ">The authors are in no way responsible for failed recordings, incorrect timers, wasted hours, or any other undesirable effects.</disclaimer>
    <disclaimer lang="en_US">The authors are in no way responsible for failed recordings, incorrect timers, wasted hours, or any other undesirable effects.</disclaimer>
    <platform/>
    <license>GPL-2.0-or-later</license>
    <source>https://github.com/rbuehlma/pvr.teleboy</source>
    <assets>
      <icon>icon.png</icon>
      <fanart>fanart.jpg</fanart>
    </assets>
  </extension>
</addon>
