<?xml version="1.0" encoding="UTF-8"?>
<addon id="game.libretro.mame2003" name="Arcade (MAME 2003)" version="0.78.0.47.2" provider-name="MAMEdev">
  <requires>
    <import addon="game.libretro" version="1.0.0"/>
  </requires>
  <extension point="kodi.gameclient" library_linux="game.libretro.mame2003.so">
    <platforms/>
    <extensions>zip</extensions>
    <supports_vfs>false</supports_vfs>
    <supports_standalone>false</supports_standalone>
    <requires_opengl>false</requires_opengl>
  </extension>
  <extension point="xbmc.addon.metadata">
    <license>MAME</license>
    <platform/>
    <source>https://github.com/kodi-game/game.libretro.mame2003</source>
    <assets>
      <icon>resources/icon.png</icon>
    </assets>
    <summary lang="en_GB">Arcade (MAME 2003) 0.78</summary>
    <description lang="da_DK">MAME 0.78 til libretro. Kompatibel med MAME 0.78 sæt.</description>
    <description lang="en_GB">MAME 0.78 for libretro. Compatible with MAME 0.78 sets.</description>
    <description lang="ko_KR">libretro용 MAME 0.78. MAME 0.78 세트와 호환됩니다.</description>
    <description lang="zh_CN">libretro 的 MAME 0.78。兼容 MAME 0.78 系列。</description>
  </extension>
</addon>
