<?xml version="1.0" encoding="UTF-8"?>
<addon id="audiodecoder.organya" version="20.0.0.1" name="Org Audio Decoder" provider-name="spiff">
  <requires>
    <import addon="kodi.binary.global.main" minversion="1.2.0" version="1.3.0"/>
    <import addon="kodi.binary.global.general" minversion="1.0.4" version="1.0.5"/>
    <import addon="kodi.binary.global.filesystem" minversion="1.1.0" version="1.1.6"/>
    <import addon="kodi.binary.instance.audiodecoder" minversion="3.0.0" version="3.0.0"/>
  </requires>
  <extension point="kodi.audiodecoder" name="org" extension=".org" tags="true" library_linux="audiodecoder.organya.so.20.0.0"/>
  <extension point="xbmc.addon.metadata">
    <platform/>
    <license>GPL-2.0-or-later</license>
    <source>https://github.com/xbmc/audiodecoder.organya</source>
    <assets>
      <icon>icon.png</icon>
    </assets>
    <summary lang="da_DK">Organya lydafkoder</summary>
    <summary lang="de_DE">Organya Audio Decoder</summary>
    <summary lang="en_GB">Organya Audio Decoder</summary>
    <summary lang="nl_NL">Organya audio decoder</summary>
    <summary lang="ru_RU">Аудиодекодер Organya</summary>
    <description lang="da_DK">Organya er et musikformat, der bruges i "Cave Story", skabt af den japanske programmør "Pixel". Udover at blive brugt i det originale spil, er der et stort og aktivt Cave Story-fanfællesskab, der skaber musik i dette format, både til selvstændig afspilning og til brug i mods til spillet.[CR][CR]Dette add-on tillader afspilning af .ORG-filer til dette format.</description>
    <description lang="de_DE">Organya ist ein Musikformat, das in "Cave Story" verwendet wird und vom japanischen Programmierer "Pixel" erstellt wurde. Neben der Verwendung im Originalspiel gibt es eine große und aktive Cave Story-Fan-Community, die Musik in diesem Format erstellt, sowohl für das eigenständige Spielen als auch für die Verwendung in Modifikationen für das Spiel.[CR][CR]Dieses Addon ermöglicht das Abspielen von .ORG-Dateien für dieses Format.</description>
    <description lang="en_GB">Organya is a music format used in "Cave Story", created by the Japanese programmer "Pixel". As well as being used in the original game, there is a large and active Cave Story fan community which creates music in this format, both for standalone to play and for use in mods for the game.[CR][CR]This addon allows playing of .ORG files for this format.</description>
    <description lang="nl_NL">Organya is een muziekformaat dat gebruikt wordt in "Cave Story", ontwikkeld door de Japanse programmeur "Pixel". Het wordt niet alleen in het originele spel gebruikt, maar er is ook een omvangrijke, actieve Cave Story fancommunity die muziek in dit formaat maakt, gewoon om af te spelen of ten behoeve van van mods voor het spel.[CR][CR]Deze add-on faciliteert het afspelen van .ORG bestanden met dit formaat.</description>
    <description lang="ru_RU">Organya - это музыкальный формат, используемый в игре "Cave Story", созданный японским программистом "Pixel". Помимо того, что он используется в оригинальной игре, существует большое и активное сообщество фанатов "Cave Story", которые создают музыку в этом формате, как для самостоятельного воспроизведения, так и для использования в модах к игре.[CR][CR]Это дополнение позволяет воспроизводить файлы .ORG для этого формата.</description>
  </extension>
</addon>
