<?xml version="1.0" encoding="UTF-8" standalone="yes"?>
<addon id="service.multimedia.vdr-addon"
       name="VDR PVR Backend"
       version="20.0.0"
       provider-name="Team CoreELEC">
  <requires>
    <import addon="xbmc.python" version="3.0.0"/>

    <import addon="pvr.vdr.vnsi" version="0.0.0" />
    <import addon="script.config.vdr" version="0.0.0" />
  </requires>
  <extension point="xbmc.service" library="default.py">
    <provides></provides>
  </extension>
  <extension point="xbmc.addon.metadata">
    <summary>VDR: a TV streaming server for Linux</summary>
    <description>
VDR (2.6.x) is a TV streaming server for Linux supporting DVB-S/S2, DVB-C, DVB-T/T2, IPTV and SAT>IP
    </description>
    <disclaimer>

    </disclaimer>
    <platform>all</platform>
    <news>
initial release
    </news>
    <assets>
      <icon>resources/icon.png</icon>
      <fanart>resources/fanart.png</fanart>

    </assets>
  </extension>
</addon>
