<?xml version="1.0" encoding="UTF-8"?>
<addon id="imagedecoder.mpo" version="20.0.0.1" name="MPO image decoder" provider-name="spiff">
  <requires>
    <import addon="kodi.binary.global.main" minversion="1.2.0" version="1.3.1"/>
    <import addon="kodi.binary.instance.imagedecoder" minversion="2.1.0" version="2.1.1"/>
  </requires>
  <extension point="kodi.imagedecoder" library_linux="imagedecoder.mpo.so.20.0.0" extension=".mpo" mimetype="image/mpo"/>
  <extension point="xbmc.addon.metadata">
    <platform/>
    <license>GPL-2.0-or-later</license>
    <source>https://github.com/xbmc/imagedecoder.mpo</source>
    <assets>
      <icon>icon.png</icon>
    </assets>
    <summary lang="de_DE">Multi Picture Object (MPO) Bilddekodierer</summary>
    <summary lang="en_GB">Multi Picture Object (MPO) image decoder</summary>
    <description lang="de_DE">Ein Addon zum Dekodieren von MPO-Dateien (Multiple Picture Object). Diese werden hauptsächlich für 3D-Kameras und den Nintendo 3DS verwendet.</description>
    <description lang="en_GB">An addon to decode MPO (multiple picture object) files. These are used mainly for 3D cameras and the Nintendo 3DS.</description>
  </extension>
</addon>
