<?xml version="1.0" encoding="UTF-8" standalone="yes"?>
<addon id="service.net-snmp"
       name="Net-SNMP"
       version="20.0.0"
       provider-name="Team CoreELEC">
  <requires>
    <import addon="xbmc.python" version="3.0.0"/>

  </requires>
  <extension point="xbmc.service" library="default.py">
    <provides></provides>
  </extension>
  <extension point="xbmc.addon.metadata">
    <summary>Simple Network Management Protocol utilities.</summary>
    <description>
Simple Network Management Protocol (SNMP) is a widely used protocol for monitoring the health and welfare of network equipment.
    </description>
    <disclaimer>

    </disclaimer>
    <platform>all</platform>
    <news>
initial release
    </news>
    <assets>
      <icon>resources/icon.png</icon>
      <fanart>resources/fanart.png</fanart>

    </assets>
  </extension>
</addon>
