<?xml version="1.0" encoding="UTF-8"?>
<addon id="game.libretro.mame2015" name="Arcade (MAME 2015)" version="0.160.0.18.1" provider-name="MAMEdev">
  <requires>
    <import addon="game.libretro" version="1.0.0"/>
  </requires>
  <extension point="kodi.gameclient" library_linux="game.libretro.mame2015.so">
    <platforms/>
    <extensions>chd|cmd|zip|7z</extensions>
    <supports_vfs>false</supports_vfs>
    <supports_standalone>false</supports_standalone>
    <requires_opengl>false</requires_opengl>
  </extension>
  <extension point="xbmc.addon.metadata">
    <license>MAME</license>
    <platform/>
    <source>https://github.com/kodi-game/game.libretro.mame2015</source>
    <assets>
      <icon>resources/icon.png</icon>
    </assets>
    <summary lang="en_GB">Arcade (MAME 2015) 0.160</summary>
    <description lang="da_DK">Sen 2014/tidlig 2015 version af MAME (0.160-ish) til libretro. Kompatibel med MAME 0.160 sæt.</description>
    <description lang="en_GB">Late 2014/Early 2015 version of MAME (0.160-ish) for libretro. Compatible with MAME 0.160 sets.</description>
    <description lang="zh_CN">2014年末/2015年初 libretro 版的 MAME（0.160-ish）。兼容MAME 0.160。</description>
  </extension>
</addon>
