<?xml version="1.0" encoding="UTF-8" standalone="yes"?>
<addon id="service.hyperion"
       name="Hyperion"
       version="20.0.1.0"
       provider-name="Team CoreELEC">
  <requires>
    <import addon="xbmc.python" version="3.0.0"/>

  </requires>
  <extension point="xbmc.service" library="default.py">
    <provides></provides>
  </extension>
  <extension point="xbmc.addon.metadata">
    <summary>Hyperion: Add-on removed</summary>
    <description>
Hyperion: Add-on removed
    </description>
    <disclaimer>

    </disclaimer>
    <broken>
Hyperion Classic has been discontinued. Please go to Hyperion.NG (Next Generation)
    </broken>
    <platform>all</platform>
    <news>
initial release
    </news>
    <assets>
      <icon>resources/icon.png</icon>
      <fanart>resources/fanart.png</fanart>

    </assets>
  </extension>
</addon>
