<?xml version="1.0" encoding="UTF-8"?>
<addon id="visualization.goom" version="20.0.1.1" name="Goom" provider-name="Team Kodi">
  <requires>
    <import addon="kodi.binary.global.main" minversion="2.0.0" version="2.0.0"/>
    <import addon="kodi.binary.global.general" minversion="1.0.4" version="1.0.5"/>
    <import addon="kodi.binary.global.gui" minversion="5.15.0" version="5.15.0"/>
    <import addon="kodi.binary.global.filesystem" minversion="1.1.7" version="1.1.7"/>
    <import addon="kodi.binary.instance.visualization" minversion="3.0.0" version="3.0.0"/>
  </requires>
  <extension point="xbmc.player.musicviz" library_linux="visualization.goom.so.20.0.1"/>
  <extension point="xbmc.addon.metadata">
    <platform/>
    <license>GPL-2.0-or-later</license>
    <source>https://github.com/xbmc/visualization.goom</source>
    <assets>
      <icon>resources/icon.png</icon>
      <fanart>resources/fanart.png</fanart>
      <screenshot>resources/screenshot-01.jpg</screenshot>
      <screenshot>resources/screenshot-02.jpg</screenshot>
      <screenshot>resources/screenshot-03.jpg</screenshot>
      <screenshot>resources/screenshot-04.jpg</screenshot>
      <screenshot>resources/screenshot-05.jpg</screenshot>
    </assets>
    <summary lang="da_DK">Goom 2k4 Visualisering</summary>
    <summary lang="de_DE">Goom 2k4-Visualisierung</summary>
    <summary lang="en_GB">Goom 2k4 Visualization</summary>
    <summary lang="zh_CN">Goom 2k4可视化程序</summary>
    <description lang="da_DK">Goom 2k4-visualiseringen understøtter effekter som tentakler, flash, stjerner, fyrværkeri, bølger, sløring og glød og indeholder et stort antal vilde hypnotiske effekter, der danser, hvirvler og popper med musikken.</description>
    <description lang="de_DE">Die Goom 2k4-Visualisierung unterstützt Effekte wie Tentakel, Blitz, Sterne, Feuerwerk, Wellen, Unschärfen und Glühen und enthält eine große Anzahl abgefahrener hypnotischer Effekte, die mit der Musik tanzen, wirbeln und knallen.</description>
    <description lang="en_GB">The Goom 2k4 visualization supports effects like Tentacles, Flash, Stars, Fireworks, Waves, Blurs and Glows and includes a large number of trippy hypnotic effects that dance, swirl and pop with the music,</description>
    <description lang="zh_CN">Goom 2k4 可视化支持像触须、闪光、星星、烟花、波浪、模糊和发光这样的效果，并包括大量随着音乐跳舞、旋转和流行的迷幻催眠效果，</description>
  </extension>
</addon>
