<?xml version="1.0" encoding="UTF-8"?>
<addon id="pvr.mythtv" version="20.2.0.1" name="MythTV PVR Client" provider-name="Christian Fetzer, Jean-Luc Barrière">
  <requires>
    <import addon="kodi.binary.global.main" minversion="2.0.0" version="2.0.0"/>
    <import addon="kodi.binary.global.general" minversion="1.0.4" version="1.0.5"/>
    <import addon="kodi.binary.global.gui" minversion="5.15.0" version="5.15.0"/>
    <import addon="kodi.binary.global.filesystem" minversion="1.1.7" version="1.1.7"/>
    <import addon="kodi.binary.global.network" minversion="1.0.0" version="1.0.4"/>
    <import addon="kodi.binary.instance.pvr" minversion="8.0.0" version="8.0.1"/>
  </requires>
  <extension point="kodi.pvrclient" library_linux="pvr.mythtv.so.20.2.0"/>
  <extension point="xbmc.addon.metadata">
    <platform/>
    <license>GPL-2.0-or-later</license>
    <source>https://github.com/janbar/pvr.mythtv</source>
    <forum>https://forum.kodi.tv/forumdisplay.php?fid=170</forum>
    <assets>
      <icon>icon.png</icon>
    </assets>
    <summary lang="af_ZA">Kodi voorprogram vir MythTV</summary>
    <summary lang="bg_BG">Kodi клиент за MythTV</summary>
    <summary lang="ca_ES">Frontal de Kodi per a MythTV</summary>
    <summary lang="cs_CZ">Rozhraní Kodi pro MythTV</summary>
    <summary lang="cy_GB">Blaen Kodi ar gyfer MythTV</summary>
    <summary lang="da_DK">Kodi frontend til MythTV</summary>
    <summary lang="de_DE">Kodi's Zugang zu MythTV</summary>
    <summary lang="el_GR">Frontend του Kodi για το MythTV</summary>
    <summary lang="en_AU">Kodi frontend for MythTV</summary>
    <summary lang="en_GB">Kodi frontend for MythTV</summary>
    <summary lang="en_NZ">Kodi frontend for MythTV</summary>
    <summary lang="en_US">Kodi frontend for MythTV</summary>
    <summary lang="es_AR">Front-end de Kodi para MythTV</summary>
    <summary lang="es_ES">Front-end de Kodi para MythTV</summary>
    <summary lang="es_MX">Kodi frontend para MythTV</summary>
    <summary lang="et_EE">Kodi liides MythTV'le</summary>
    <summary lang="fi_FI">Kodin MythTV-asiakasohjelma</summary>
    <summary lang="fr_CA">Frontal Kodi pour MythTV</summary>
    <summary lang="fr_FR">Interface logicielle pour MythTV</summary>
    <summary lang="gl_ES">Interface de Kodi para MythTV</summary>
    <summary lang="he_IL">לקוח טלוויזיה חיה עבור MythTV</summary>
    <summary lang="hr_HR">Kodi sučelje za MythTV</summary>
    <summary lang="hu_HU">Kodi előtét a MythTV-hez</summary>
    <summary lang="id_ID">Antarmuka Kodi untuk MythTV</summary>
    <summary lang="is_IS">Kodi framendi fyrir MythTV</summary>
    <summary lang="it_IT">Frontend di Kodi per MythTV</summary>
    <summary lang="ja_JP">MythTV 用 Kodi フロントエンド</summary>
    <summary lang="ko_KR">MythTV Kodi 프론트엔드</summary>
    <summary lang="lt_LT">Kodi sąsaja į MythTV</summary>
    <summary lang="lv_LV">Kodi galasistēma MythTV</summary>
    <summary lang="mk_MK">Kodi интерфејс за MythTV</summary>
    <summary lang="ms_MY">Bahagian hadapan Kodi untuk MythTV</summary>
    <summary lang="nb_NO">Kodi-klient for MythTV</summary>
    <summary lang="nl_NL">Kodi frontend voor MythTV</summary>
    <summary lang="pl_PL">Klient telewizji dla MythTV</summary>
    <summary lang="pt_BR">Kodi frontend para MythTV</summary>
    <summary lang="pt_PT">Interface Kodi para MythTV</summary>
    <summary lang="ro_RO">Interfața Kodi pentru MythTV</summary>
    <summary lang="ru_RU">Фронтэнд Kodi для MythTV</summary>
    <summary lang="sk_SK">Kodi rozhranie pre MythTV</summary>
    <summary lang="sl_SI">Kodijev vmesnik za MythTV</summary>
    <summary lang="sr_RS">Kodi интерфејс за MythTV</summary>
    <summary lang="sr_RS@latin">Kodi interfejs za MythTV</summary>
    <summary lang="sv_SE">Kodi-gränssnitt för MythTV</summary>
    <summary lang="szl">Klijynt telewizyjny dlŏ MythTV</summary>
    <summary lang="tr_TR">MythTV için Kodi ön ucu</summary>
    <summary lang="zh_CN">Kodi 的 MythTV 前端</summary>
    <summary lang="zh_TW">MythTV的Kodi前端介面</summary>
    <description lang="af_ZA">MythTV voorprogram (tot MythTV 31). Ondersteun stroom van Lewendige TV &amp; Opnames, luister na Radio kanale, EPG en Tydhouers.</description>
    <description lang="bg_BG">Клиент за MythTV (до версия на MythTV 31). Поддържа телевизия на живо и записване, слушане на радио канали, електронен програмен справочник и броячи.</description>
    <description lang="ca_ES">Frontal de MythTV (fins a MythTV 31). És compatible amb les transmissions en línia de TV en directe i enregistraments, escolta d'emissores de ràdio, guia electrònica de programació (EPG) i temporitzadors.</description>
    <description lang="cs_CZ">Rozhraní MythTV (do verze MythTV 31). Podporuje streamování živého vysílání a nahrávání, poslech kanálů rádia, televizní program a časovače.</description>
    <description lang="cy_GB">Blaen MythTV (hyd at MythTV 31). Cynnal ffrydio Teledu Byw a Recordiadau, gwrando ar sianeli radio, amserlenni rhaglenni electronig ac amseryddion.</description>
    <description lang="da_DK">MythTV frontend (op til MythTV 31). Understøtter streaming af direkte tv &amp; optagelser, radiokanaler, EPG samt timeroptagelser.</description>
    <description lang="de_DE">MythTV Frontend (bis zu MythTV 31). Unterstützt das Streamen von Live TV &amp; Aufnahmen, Hören von Radiokanälen, EPG und Timer.</description>
    <description lang="el_GR">Frontend για το MythTV (έως το MythTV 31). Υποστηρίζει ροές Live TV &amp; Εγγραφές, ακρόαση Ραδιοφώνου, EPG και Χρονοδιακόπτες.</description>
    <description lang="en_AU">MythTV frontend (up to MythTV 31). Supports streaming of Live TV &amp; Recordings, listening to Radio channels, EPG and Timers.</description>
    <description lang="en_GB">MythTV frontend (up to MythTV 31). Supports streaming of Live TV &amp; Recordings, listening to Radio channels, EPG and Timers.</description>
    <description lang="en_NZ">MythTV frontend (up to MythTV 31). Supports streaming of Live TV &amp; Recordings, listening to Radio channels, EPG and Timers.</description>
    <description lang="en_US">MythTV frontend (up to MythTV 31). Supports streaming of Live TV &amp; Recordings, listening to Radio channels, EPG and Timers.</description>
    <description lang="es_AR">Front-end de MythTV (hasta MythTV 31). Soporte de transmisiones de TV en Vivo y Grabaciones, escuchar canales de Radio, Guía Electrónica de Programas (EPG) y Temporizadores.</description>
    <description lang="es_ES">Front-end de MythTV (hasta MythTV 31). Soporte de transmisiones de TV en Vivo y Grabaciones, escuchar canales de Radio, Guía Electrónica de Programas (EPG) y Temporizadores.</description>
    <description lang="es_MX">MythTV frontend (hasta MythTV 31). Soporta transmisión de TV y grabaciones en vivo, escucha de canales de radio, EPG y temporizadores.</description>
    <description lang="fi_FI">MythTV-asiakasohjelma (MythTV 31). Tukee suorien tv-lähetysten ja tallennusten katsomista, radiokanavia, ohjelmaopasta ja ohjelmien ajastamista.</description>
    <description lang="fr_CA">Frontal de MythTV (jusqu’à MythTV 31) prenant en charge la diffusion en continu des télés en direct et les enregistrements, l’écoute de chaînes radio, le GÉP et les minuteries.</description>
    <description lang="fr_FR">Interface logicielle MythTV (jusqu'à la version 31). Permet la diffusion de la TV en direct, des enregistrements, des stations de radios, ainsi que le guide électronique des programmes TV et les programmations.</description>
    <description lang="gl_ES">Interface de MythTV (maior da MythTV 31). Compatíbel coa transmisión de TV ao vivo, gravacións e escoita de canles de Radio, EPG e temporizadores.</description>
    <description lang="he_IL">לקוח טלוויזיה חיה של MythTV (עד גרסה 30 של MythTV). תומך בהזרמת שידורים חיים והקלטות, האזנה לרדיו, הצגת לוח שידורים ותזמון הקלטות.</description>
    <description lang="hr_HR">MythTV sučelje (za inačice do MythTV 31. Podržava streamanje i snimanje TV programa, slušanje radio programa, elektronski programski vodič (EPG) i zakazana snimanja.</description>
    <description lang="hu_HU">MythTV előtét (MythTv 30 verzióig). Élő adások, felvételek és rádióadások támogatása EPG-vel és időzítéssel.</description>
    <description lang="id_ID">Antarmuka MythTV (hingga MythTV 31). Mendukung streaming TV Langsung &amp; Rekaman, mendengarkan channel Radio, EPG dan Penghitung waktu.</description>
    <description lang="is_IS">MythTV framendi (upp að MythTV 31). Styður streymingu frá beinum útsendingum og upptökum, hlustun á útvarp, rafræna dagskrárvísa og tíma upptökur.</description>
    <description lang="it_IT">Frontend MythTV (compatibile fino a MythTV 31). Supporta lo streaming TV in diretta, le registrazioni, l'ascolto dei canali radio, EPG e programmazioni.</description>
    <description lang="ja_JP">MythTV (バージョン 30 まで) のフロントエンドです。ライブ TV ストリーミング、録画、ラジオ放送の視聴、EPG、タイマーをサポートしています。</description>
    <description lang="ko_KR">MythTV 프론트엔드 (up to MythTV 31). 라이브 TV 스트리밍, 녹화, 라디오 채널 청취, EPG, 예약 지원.</description>
    <description lang="lt_LT">MythTV sąsaja (kelias iki MythTV 31). Palaiko duomenų srautams pritaikyta(-as) Live TV &amp; Recordings</description>
    <description lang="lv_LV">MythTV galasistēma (līdz MythTV 31). Atbalsta tiešraides TV un ierakstu straumēšanu, radio kanālu klausīšanos, EPG un taimerus.</description>
    <description lang="mk_MK">MythTV интерфејс (се до MythTV 31). Подржува стриминг на Live TV &amp; Снимки, слушање на радио канали, EPG и тајмери.</description>
    <description lang="ms_MY">Bahagian hadapan MythTV (sehingga MythTV 31). Menyokong penstirman TV Langsung &amp; Rakaman, mendengar saluran Radio, EPG dan Pemasa.</description>
    <description lang="nb_NO">MythTV-klienten (opp til MythTV 31). Støtter strømming av direkte-TV og opptak, avspilling av radiokanaler, EPG og nedtelling.</description>
    <description lang="nl_NL">MythTV frontend (tot MythTV 31). Ondersteunt streaming van Live-TV &amp; opnames, luisteren naar radiokanalen, EPG en timers.</description>
    <description lang="pl_PL">Klient telewizji dla MythTV (wersja 30 i wcześniejsze) obsługuje transmisję kanałów radiowych i telewizyjnych, nagrywanie i harmonogram nagrań oraz funkcje przewodnika telewizyjnego.</description>
    <description lang="pt_BR">MythTV frontend (up para MythTV 31). Suporta streaming de TV ao Vivo &amp; Gravações, Escutar canais de rádios, EPG e Agendamentos.</description>
    <description lang="pt_PT">Interface MythTV (até MythTV 31). Permite televisão em direto, gravações, estações de rádio, EPG e temporizadores.</description>
    <description lang="ro_RO">Frontend MythTV (până la MythTV 31). Suportă difuzare în flux a televiziunii în direct și a înregistrăriilor, ascultarea posturilor de radio, EPG și Cronometre.</description>
    <description lang="ru_RU">Фронтэнд MythTV (вплоть до MythTV 31). Поддерживает поточное ТВ и записи, прослушивание радио-каналов, ЕПГ и таймеры.</description>
    <description lang="sk_SK">MythTV rozhranie (až do verzie MythTV 31). Podporuje streamovanie živého TV vysielania a nahrávok, počúvanie rozhlasových kanálov, EPG a časovače.</description>
    <description lang="sl_SI">Vmesnik za MythTV (do vključno MythTV 31). Podpira predvajanje televizije v živo &amp; posnetkov, poslušanje radia, EPG in časovnike.</description>
    <description lang="sr_RS">MythTV интерфејс (до MythTV 31). Подржава стримовање ТВ Уживо &amp; Снимака, слушање Радио канала, EPG и Тајмере.</description>
    <description lang="sr_RS@latin">MythTV interfejs (do MythTV 31). Podržava strimovanje TV Uživo &amp; Snimaka, slušanje Radio kanala, EPG i Tajmere.</description>
    <description lang="sv_SE">MythTV-frontend (upp till MythTV 31). Stödjer strömning av direktsänd TV &amp; inspelningar, radiolyssning, EPG och timers.</description>
    <description lang="szl">Klijynt telewizyjny dlŏ MythTV (wersyjŏ 30 i wczaśniyjsze) ôbsuguje szpricowanie kanałōw radyjowych i telewizyjnych, nagrowanie i harmōnogram nagrań, a tyż funkcyje ôkludzŏcza telewizyjnygo.</description>
    <description lang="tr_TR">MythTV ön ucu (MythTV 31'ye kadar). Canlı TV akışı ve kayıt yapabilme, radyo kanalları dinleme, EPG ve zamanlayıcıları destekler.</description>
    <description lang="zh_CN">MythTV 前端 ( MythTV 31 及之后版本) 。支持直播电视和录像节目的流媒体转发，收听广播频道，电子节目表及定时器功能。</description>
    <description lang="zh_TW">MythTV 前端介面 (最高至MythTV 31)。支援電視直播串流及錄影，收聽廣播，電子節目表及定時器。</description>
    <disclaimer lang="af_ZA">Hierdie is onstabiele sagteware! Die outeurs is op geen manier verantwoordelik vir gefaalde opnames, inkorrekte tydhouers, vermorsde ure, of enige ander ongewensde effekte.</disclaimer>
    <disclaimer lang="bg_BG">Тази програма е нестабилна! Авторите не носят отговорност за неуспешно записване, некоректни броячи, пропиляното време и други нежелани ефекти.</disclaimer>
    <disclaimer lang="ca_ES">Aquest programari és inestable! En cap cas els autors són els responsables dels enregistraments fallits, temporitzadors incorrectes, hores malgastades o qualsevol altre efecte indesitjable.</disclaimer>
    <disclaimer lang="cs_CZ">Tento software není stabilní! Autoři nejsou žádným způsobem zodpovědní za neúspěšná nahrávání, chybné časovače, ztracený čas nebo jakékoliv jiné nežádoucí výsledky.</disclaimer>
    <disclaimer lang="cy_GB">Mae'r feddalwedd hon yn fregus! Nid yw'r awduron yn gyfrifol mewn unrhyw ffordd am fethu recordio, amseru gwallus, oriau wedi eu gwastraffu nac effeithiau annymunol eraill.</disclaimer>
    <disclaimer lang="da_DK">Denne software er ustabil. Udviklerne er på ingen måde ansvarlige for mislykkede optagelser, fejlagtige timere, spildte timer eller andre uønskede konsekvenser.</disclaimer>
    <disclaimer lang="de_DE">Dies ist instabile Software! Die Autoren sind in keiner Weise verantwortlich für fehlgeschlagene Aufnahmen, falsche Timer, verschwendete Zeit oder andere ungewünschte Effekte.</disclaimer>
    <disclaimer lang="el_GR">Ασταθές πρόγραμμα! Οι δημιουργοί δεν είναι σε καμία περίπτωση υπεύθυνοι για αποτυχημένες εγγραφές, λανθασμένους χρονοδιακόπτες, χαμένες ώρες, ή κάθε είδους ανεπιθύμητα αποτελέσματα.</disclaimer>
    <disclaimer lang="en_AU">This is unstable software! The authors are in no way responsible for failed recordings, incorrect timers, wasted hours, or any other undesirable effects.</disclaimer>
    <disclaimer lang="en_GB">This is unstable software! The authors are in no way responsible for failed recordings, incorrect timers, wasted hours, or any other undesirable effects.</disclaimer>
    <disclaimer lang="en_NZ">This is unstable software! The authors are in no way responsible for failed recordings, incorrect timers, wasted hours, or any other undesirable effects.</disclaimer>
    <disclaimer lang="en_US">This is unstable software! The authors are in no way responsible for failed recordings, incorrect timers, wasted hours, or any other undesirable effects.</disclaimer>
    <disclaimer lang="es_AR">¡Este software es inestable! Los autores no se responsabilizan por grabaciones fallidas, temporizadores incorrectos, horas perdidas, o cualquier otro efecto no deseado..</disclaimer>
    <disclaimer lang="es_ES">¡Este software es inestable! Los autores no son en ningún caso responsables por grabaciones fallidas, temporizadores incorrectos, horas desperdiciadas o cualquier otro efecto indeseable.</disclaimer>
    <disclaimer lang="es_MX">¡Este es un software inestable! Los autores no son responsables en absoluto de grabaciones fallidas, temporizadores incorrectos, desperdicio de horas, o cualquier otro efecto indeseable.</disclaimer>
    <disclaimer lang="et_EE">See on ebastabiilne tarkvara! Autorid ei ole kuidagi moodi vastutavad nurjunud salvestiste, ebaõige aegrelee, raisatud tundide ega muude soovimatute asjade eest.</disclaimer>
    <disclaimer lang="fi_FI">Tämä on epävakaa ohjelma! Sen tekijät eivät ole millään muotoa vastuussa epäonnistuneista tallennuksista, virheellisistä ajastuksista, haaskatusta ajasta, verenpaineen noususta tai mistään muusta epäsuotuisasta vaikutuksesta.</disclaimer>
    <disclaimer lang="fr_CA">Ce logiciel est instable! Les auteurs ne sont aucunement responsables des enregistrements défaillants, des minuteries erronées, des heures perdues ou tout autre effet indésirable.</disclaimer>
    <disclaimer lang="fr_FR">Logiciel en cours d'élaboration ! Les auteurs ne sont en aucun cas responsables de l'échec des enregistrements, programmations défectueuses, temps perdu ou autres effets indésirables.</disclaimer>
    <disclaimer lang="gl_ES">Este é software non estable, os autores non se fan responsábeis dos erros na gravacións, temporizadores incorrectos, e outros efectos non desexados.</disclaimer>
    <disclaimer lang="he_IL">זוהי איננה הרחבה יציבה! המפתחים אינם אחראים על כשלון בניגון, זמנים שגויים במדריך השידורים, שעות מבוזבזות או כל תופעה לא רצויה אחרת.</disclaimer>
    <disclaimer lang="hr_HR">Ovo je nestabilan softver! Autori nisu ni na koji način odgovorani za neuspjelo snimanje, netočna zakazana snimanja, izgubjene sate, ili bilo koje druge neželjene učinke.</disclaimer>
    <disclaimer lang="hu_HU">Ez nem stabil szoftver! A készítők nem vállalnak felelősséget, a hibás felvételért, rossz időzítésért, elvesztegetett időért...</disclaimer>
    <disclaimer lang="id_ID">Ini merupakan perangkat-lunak yang belum stabil. Penulis tidak bertanggung jawab untuk rekaman yang gagal, timer yang salah, waktu terbuang atau efek yang tidak diinginkan lainya.</disclaimer>
    <disclaimer lang="is_IS">Þetta er óstöðugur hugbúnaður! Höfundar eru á engann hátt ábyrgir fyrir mistökum í upptöku, röngum tíma, klukkustundum sem fara í súginn, eða nokkru öðrum óæskilegum hegðunum.</disclaimer>
    <disclaimer lang="it_IT">Questo software è instabile! Gli autori non sono in alcun modo responsabili per registrazioni fallite, timers incorretti, ore perse, o qualsiasi altro effetto indesiderato.</disclaimer>
    <disclaimer lang="ja_JP">これは不安定なソフトウェアです！本プログラムの作者は、録画の失敗、正確に作動しなかったタイマー、無駄にした時間、その他あらゆる好ましくない結果について責任を負わないものとします。</disclaimer>
    <disclaimer lang="ko_KR">완성되지 않은 소프트웨어입니다! 개발자는 녹화와 예약의 실패, 시간 허비나 다른 의도하지 않은 결과에 대한 책임을 지지 않습니다.</disclaimer>
    <disclaimer lang="lt_LT">Tai yra nestabili programinė įranga! Autorius jokiu būdu neatsako už nepavykusius įrašus, neteisingus laikmačius, iššvaistytas valandas, ar nutikus kitiems nepageidaujamiems poveikiams ...[COLOR=red](Kodi.lt rekomenduoja/siūlo testuojant šį priedą persijungti į Anglų [orinali] kalbą)[/COLOR]</disclaimer>
    <disclaimer lang="lv_LV">Šī ir nestabila programmatūra! Autori nav nekādā vaidā atbildīgi par nesanākušiem ierakstiem, nepareiziem taimeriem, iztērētām stundām vai jebkādiem citiem nevēlamiem efektiem.</disclaimer>
    <disclaimer lang="mk_MK">Ова е нестабилен софтвер! Авторите на ниту еден начин не одговараат за неуспешни снимки, неточни тајмери, потрошени часови, или било кои други несакани ефекти.</disclaimer>
    <disclaimer lang="ms_MY">Ini merupakan perisian tidak stabil! Pengarang tidak bertanggungjawab atas kegagalan rakaman, pemasa tidak betul, masa yang dibazirkan, atau apa jua kesan yang tidak dikehendaki..</disclaimer>
    <disclaimer lang="nb_NO">Dette er ustabil programvare! Forfatterne er på ingen måte ansvarlige for feilaktig opptak, uriktige tidsur, bortkastet tid, eller alle andre uønskede følger.</disclaimer>
    <disclaimer lang="nl_NL">Dit is instabiele software! De auteurs zijn op geen enkele wijze verantwoordelijk voor mislukte opnames, onjuiste timers, verspilde uren of andere ongewenste effecten .</disclaimer>
    <disclaimer lang="pl_PL">To oprogramowanie jest niestabilne! Autorzy w żaden sposób nie odpowiadają za nieudane nagrania, błędy w harmonogramie nagrań, stracone godziny czy też jakiekolwiek inne niepożądane efekty.</disclaimer>
    <disclaimer lang="pt_BR">Este é um software instável! Os autores não são responsáveis por falhas nas gravações, agendamentos incorretos, horas dispendidas, ou quaisquer outro efeito indesejado.</disclaimer>
    <disclaimer lang="pt_PT">Este software é instável! Os autores não podem ser responsabilizados por gravações falhadas, temporizadores incorretos, horas desperdiçadas ou qualquer outro tipo de efeitos indesejáveis...</disclaimer>
    <disclaimer lang="ro_RO">Această parte din program nu este stabilă! Autorii nu sunt responsabili în niciun caz pentru înregistrările eșuate, cronometre incorecte, ore pierdute sau orice alt efect nedorit.</disclaimer>
    <disclaimer lang="ru_RU">Это тестовая программа! Авторы не несут никакой ответственности за испорченные записи, неверные таймеры, потраченное время и за прочие нежелательные эффекты.</disclaimer>
    <disclaimer lang="sk_SK">Toto nie je stabilný software! Autori nie sú zodpovední za zlýhané nahrávky, nesprávne časovače, premrhané hodiny a iné nežiadúce efekty.</disclaimer>
    <disclaimer lang="sl_SI">To je nestabilna programska oprema! Avtorji niso odgovorni za neuspela snemanja, nepravilne časovnike, zapravljen čas in katerikoli drug neželen učinek.</disclaimer>
    <disclaimer lang="sr_RS">Овај софтвер је нестабилан! Аутори ни на који начин нису одговорни за неуспела снимања, неисправне тајмере, изгубљене сате, или било које друге нежељене ефекте.</disclaimer>
    <disclaimer lang="sr_RS@latin">Ovaj softver je nestabilan! Autori ni na koji način nisu odgovorni za neuspela snimanja, neispravne tajmere, izgubljene sate, ili bilo koje druge neželjene efekte.</disclaimer>
    <disclaimer lang="sv_SE">Denna mjukvara är instabil! Utvecklarna är inte ansvariga för misslyckade inspelningar, felaktiga timers, bortkastade timmar eller några andra olyckliga effekter.</disclaimer>
    <disclaimer lang="szl">To software je niysztabilne! Autory w żŏdyn knif niy ôdpadajōm za niypodarzōne nagrania, felery w harmōnogramie nagrań, potracōne godziny a tyż jake ino inksze niynazdane efekty.</disclaimer>
    <disclaimer lang="tr_TR">Bu kararsız bir yazılımdır! Yazılımcılar oynatma hatası, yanlış EPG tarihleri, hatalı saatler ya da diğer etkilerden sorumlu değiller.</disclaimer>
    <disclaimer lang="uk_UA">Це нестабільна програма! Автор не несуть жодної відповідальності за зіпсуті записи, неправильні таймери, потрачений час, та інші небажані ефекти.</disclaimer>
    <disclaimer lang="vi_VN">Đây là phần mềm không ổn định! Các tác giả sẽ không chịu trách nhiệm nào với các bản ghi thất bại, bị đặt giờ sai, giờ lãng phí, hoặc các tác dụng không mong muốn khác..</disclaimer>
    <disclaimer lang="zh_CN">这是不稳定版的软件！作者不对录制失败、错误定时造成时间浪费或其它不良影响负责。</disclaimer>
    <disclaimer lang="zh_TW">這是測試中的軟體！原創作者無法針對以下情況負責：包括錄影失敗，不正確的定時器，多餘的時數，或任何不可預期的不良影響。</disclaimer>
  </extension>
</addon>
