<?xml version="1.0" encoding="UTF-8"?>
<addon id="game.libretro.handy" name="Atari - Lynx (Handy)" version="0.97.0.31.1" provider-name="K. Wilkins">
  <requires>
    <import addon="game.libretro" version="1.0.0"/>
    <import addon="game.controller.atari.lynx" version="1.0.0"/>
  </requires>
  <extension point="kodi.gameclient" library_linux="game.libretro.handy.so">
    <platforms>Lynx</platforms>
    <extensions>lnx|o</extensions>
    <supports_vfs>false</supports_vfs>
    <supports_standalone>false</supports_standalone>
    <requires_opengl>false</requires_opengl>
  </extension>
  <extension point="xbmc.addon.metadata">
    <license>Zlib</license>
    <platform/>
    <source>https://github.com/kodi-game/game.libretro.handy</source>
    <assets>
      <icon>resources/icon.png</icon>
      <screenshot>resources/screenshot-01.jpg</screenshot>
      <screenshot>resources/screenshot-02.jpg</screenshot>
      <screenshot>resources/screenshot-03.jpg</screenshot>
    </assets>
    <summary lang="en_GB">Atari - Lynx (Handy) 0.97</summary>
    <description lang="da_DK">Handy er en Atari Lynx-emulator af K. Wilkins til Windows 95/98/NT/2000/XP.</description>
    <description lang="en_GB">Handy is an Atari Lynx emulator by K. Wilkins for Windows 95/98/NT/2000/XP.</description>
    <description lang="es_ES">Handy es un emulador de Atari Lynx creado por K. Wilkins para Windows 95/98/NT/2000/XP.</description>
    <description lang="it_IT">Handy è un emulatore Atari Lynx di K. Wilkins per Windows 95/98/NT/2000/XP.</description>
    <description lang="zh_CN">Handy 是 K.Wilkins 为 Windows 95/98/NT/2000/XP 开发的 Atari Lynx 模拟器。</description>
  </extension>
</addon>
