<?xml version="1.0" encoding="UTF-8" standalone="yes"?>
<addon id="tools.dotnet-runtime"
       name="ASP.Net Core Runtimes"
       version="20.0.114"
       provider-name="Anton Voyl (awiouy)">
  <requires>
    <import addon="xbmc.python" version="3.0.0"/>

  </requires>
  <extension point="xbmc.python.script" library="default.py">
    <provides></provides>
  </extension>
  <extension point="xbmc.addon.metadata">
    <summary>ASP.NET Core Runtime</summary>
    <description>
ASP.NET Core Runtimes (3.1.16) and (5.0.7) enables you to run existing console/web/server applications.
    </description>
    <disclaimer>

    </disclaimer>
    <platform>all</platform>
    <news>
114
- Add .NET Runtime 5.0.7
- Add ASP.NET Core Runtime 5.0.7

113
- Update to ASP.NET Core Runtime 3.1.16

112
- Update to ASP.NET Core Runtime 3.1.10

111
- Update to ASP.NET Core Runtime 3.1.9
- Download source to architecture specific file
- Add icu4c libraries
- Remove superfluous libraries

110
- Update to 3.1.5

109
- Fix x86_64 url

108
- Update to 3.1.3

107
- Update to 2.2.6

106
- Update to 2.2.4

105
- Update to 2.2.3

104
- Update to 2.2.0

103
- Update to 2.1.6

102
- Update to 2.1.4

101
- Update to 2.1.3

100
- Initial release
    </news>
    <assets>
      <icon>resources/icon.png</icon>
      <fanart>resources/fanart.png</fanart>

    </assets>
  </extension>
</addon>
