<?xml version="1.0" encoding="UTF-8"?>
<addon id="audioencoder.flac" version="3.0.0.4" name="Flac Audio Encoder" provider-name="spiff">
  <requires>
    <import addon="kodi.binary.global.main" minversion="1.2.0" version="1.3.0"/>
    <import addon="kodi.binary.instance.audioencoder" minversion="2.1.0" version="2.1.0"/>
  </requires>
  <extension point="kodi.audioencoder" extension=".flac" library_linux="audioencoder.flac.so.3.0.0"/>
  <extension point="xbmc.addon.metadata">
    <summary lang="de_DE">FLAC-Encoder (Free Lossless Audio Codec)</summary>
    <summary lang="en_GB">FLAC (Free Lossless Audio Codec) Encoder</summary>
    <description lang="de_DE">FLAC steht für Free Lossless Audio Codec, ein Audioformat ähnlich wie MP3, jedoch verlustfrei, was bedeutet, dass Audio in FLAC ohne Qualitätsverlust komprimiert wird. Dies ähnelt der Funktionsweise von Zip, außer dass Sie mit FLAC eine viel bessere Komprimierung erhalten, da es speziell für Audio entwickelt wurde und Sie komprimierte FLAC-Dateien nun in Ihrem Lieblingsplayer (oder in Ihrem Auto oder Ihrer Heimstereoanlage; siehe ünterstützte Geräte) wiedergeben können, als wären Sie eine MP3-Datei.

FLAC ist der schnellste und am weitesten verbreitete verlustfreie Audio-Codec und der einzige, der gleichzeitig nicht proprietär ist, nicht durch Patente belastet ist, aus einer Open-Source-Referenzimplementierung besteht, über ein gut dokumentiertes API verfügt und über andere unabhängige Implementierungen verfügt.</description>
    <description lang="en_GB">FLAC stands for Free Lossless Audio Codec, an audio format similar to MP3, but lossless, meaning that audio is compressed in FLAC without any loss in quality. This is similar to how Zip works, except with FLAC you will get much better compression because it is designed specifically for audio, and you can play back compressed FLAC files in your favorite player (or your car or home stereo, see supported devices) just like you would an MP3 file.

FLAC stands out as the fastest and most widely supported lossless audio codec, and the only one that at once is non-proprietary, is unencumbered by patents, has an open-source reference implementation, has a well documented format and API, and has several other independent implementations.</description>
    <platform/>
    <license>GPL-2.0-or-later</license>
    <source>https://github.com/xbmc/audioencoder.flac</source>
    <assets>
      <icon>icon.png</icon>
    </assets>
  </extension>
</addon>
