<?xml version="1.0" encoding="UTF-8"?>
<addon id="imagedecoder.heif" version="1.4.0.1" name="HEIF image decoder" provider-name="spiff">
  <requires>
    <import addon="kodi.binary.global.main" minversion="1.2.0" version="1.3.0"/>
    <import addon="kodi.binary.instance.imagedecoder" minversion="2.1.0" version="2.1.1"/>
  </requires>
  <extension point="kodi.imagedecoder" library_linux="imagedecoder.heif.so.1.4.0" extension=".heif|.heic" mimetype="image/heif|image/heic"/>
  <extension point="xbmc.addon.metadata">
    <summary lang="en_GB">HEIF file format decoder</summary>
    <description lang="en_GB">High Efficiency Image File Format (HEIF) is a file format employing HEVC (h.265) image coding for the best compression ratios currently possible.

Support for this is provided by ISO/IEC 23008-12:2017 compliant libheif.</description>
    <platform/>
    <license>GPL-2.0-or-later</license>
    <source>https://github.com/xbmc/imagedecoder.heif</source>
    <assets>
      <icon>icon.png</icon>
    </assets>
  </extension>
</addon>
