<?xml version="1.0" encoding="UTF-8"?>
<addon id="game.libretro.bsnes-mercury-accuracy" name="Nintendo - SNES / SFC (bsnes-mercury Accuracy)" version="0.94.0.21.2" provider-name="Near, Alcaro">
  <requires>
    <import addon="game.libretro" version="1.0.0"/>
    <import addon="game.controller.snes" version="1.0.0"/>
    <import addon="game.controller.snes.multitap" version="1.0.0"/>
    <import addon="game.controller.snes.super.scope" version="1.0.0"/>
    <import addon="game.controller.konami.justifier.snes" version="1.0.0"/>
    <import addon="game.controller.konami.justifier.player2" version="1.0.0"/>
  </requires>
  <extension point="kodi.gameclient" library_linux="game.libretro.bsnes-mercury-accuracy.so">
    <platforms>SNES</platforms>
    <extensions>sfc|smc|bml</extensions>
    <supports_vfs>true</supports_vfs>
    <supports_standalone>false</supports_standalone>
    <requires_opengl>false</requires_opengl>
  </extension>
  <extension point="xbmc.addon.metadata">
    <license>GPLv3</license>
    <platform/>
    <source>https://github.com/kodi-game/game.libretro.bsnes-mercury-accuracy</source>
    <assets>
      <icon>resources/icon.png</icon>
      <screenshot>resources/screenshot-01.jpg</screenshot>
      <screenshot>resources/screenshot-02.jpg</screenshot>
      <screenshot>resources/screenshot-03.jpg</screenshot>
    </assets>
    <summary lang="en_GB">Nintendo - SNES / SFC (bsnes-mercury Accuracy) v094 (Accuracy)</summary>
    <description lang="da_DK">bSNES Mercury er en fork af Higan (oprindeligt kaldet bSNES), kendt for at emulere den originale hardware så nøjagtigt som muligt gennem lav-niveau, cyklus-nøjagtig emulering.[CR][CR]Profilen [I]Nøjagtighed[/I] fokuserer på nøjagtighed på bekostning af ydeevne.</description>
    <description lang="en_GB">bSNES Mercury is a fork of Higan (originally called bSNES), notable for emulating the original hardware as accurately as possible through low-level, cycle-accurate emulation.[CR][CR]The [I]Accuracy[/I] profile focuses on accuracy at the cost of performance.</description>
    <disclaimer lang="da_DK">I kærligt minde om Near / Byuu</disclaimer>
    <disclaimer lang="en_GB">In loving memory of Near / Byuu</disclaimer>
    <disclaimer lang="ko_KR">Near / Byuu의 사랑을 기억하며</disclaimer>
    <disclaimer lang="zh_CN">怀念 Near / Byuu</disclaimer>
  </extension>
</addon>
