<?xml version="1.0" encoding="UTF-8"?>
<addon id="audiodecoder.qsf" version="20.1.0.1" name="QSF Audio Decoder" provider-name="spiff">
  <requires>
    <import addon="kodi.binary.global.main" minversion="1.2.0" version="1.3.1"/>
    <import addon="kodi.binary.global.general" minversion="1.0.4" version="1.0.5"/>
    <import addon="kodi.binary.global.filesystem" minversion="1.1.0" version="1.1.6"/>
    <import addon="kodi.binary.instance.audiodecoder" minversion="4.0.0" version="4.0.0"/>
  </requires>
  <extension point="kodi.audiodecoder" name="qsf" extension=".miniqsf" tags="true" library_linux="audiodecoder.qsf.so.20.1.0">
    <support>
      <extension name=".qsf">
        <description>30100</description>
        <icon>icon.png</icon>
      </extension>
      <extension name=".miniqsf">
        <description>30101</description>
        <icon>icon.png</icon>
      </extension>
    </support>
  </extension>
  <extension point="xbmc.addon.metadata">
    <platform/>
    <license>GPL-2.0-or-later</license>
    <source>https://github.com/xbmc/audiodecoder.qsf</source>
    <assets>
      <icon>icon.png</icon>
    </assets>
    <summary lang="da_DK">Capcom QSound QSF lydafkoder</summary>
    <summary lang="de_DE">Capcom QSound QSF Audio Decoder</summary>
    <summary lang="en_GB">Capcom QSound QSF Audio Decoder</summary>
    <summary lang="ko_KR">Capcom QSound QSF 오디오 디코더</summary>
    <summary lang="ru_RU">Аудиодекодер Capcom QSound QSF</summary>
    <summary lang="zh_CN">Capcom QSound QSF 音频解码器</summary>
    <description lang="da_DK">Tilføjer afkodningsunderstøttelse til Capcom QSound Sound Format-filer (.QSF/.MINIQSF).[CR][CR]QSound er det originale navn på en positionel tredimensionel (3D) lydbehandlingsalgoritme fra QSound Labs, der skaber 3D-lydeffekter fra flere monofoniske kilder og summerer udgangene til to kanaler til præsentation over almindelige stereohøjttalere.</description>
    <description lang="de_DE">Fügt Dekodierungsunterstützung für Capcom QSound Sound Format-Dateien (.QSF / .MINIQSF) hinzu.[CR][CR]QSound ist der ursprüngliche Name für einen dreidimensionalen (3D) Tonverarbeitungsalgorithmus von QSound Labs, der 3D-Audioeffekte aus mehreren monophonen Quellen erstellt und die Ausgänge für die Präsentation über normale Stereolautsprecher auf zwei Kanäle summiert.</description>
    <description lang="en_GB">Adds decoding support for Capcom QSound Sound Format files (.QSF/.MINIQSF).[CR][CR]QSound is the original name for a positional three-dimensional (3D) sound processing algorithm from QSound Labs that creates 3D audio effects from multiple monophonic sources and sums the outputs to two channels for presentation over regular stereo speakers.</description>
    <description lang="ko_KR">Capcom QSound 사운드 형식 파일(.QSF/.MINIQSF)에 대한 디코딩 지원을 추가합니다.[CR][CR]QSound는 여러 위치에서 3D 오디오 효과를 생성하는 QSound Labs의 위치 3차원(3D) 사운드 처리 알고리즘의 원래 이름입니다. 모노포닉 소스를 출력하고 일반 스테레오 스피커를 통한 프레젠테이션을 위해 두 개의 채널로 출력을 합산합니다.</description>
    <description lang="ru_RU">Добавляет поддержку декодирования файлов Capcom QSound Sound Format (.QSF/.MINIQSF).[CR][CR]QSound - это оригинальное название алгоритма обработки позиционного трёхмерного (3D) звука от QSound Labs, который создаёт звуковые 3D эффекты из нескольких монофонических источников и суммирует выходы в два канала для представления через обычные стереодинамики.</description>
    <description lang="zh_CN">添加对 Capcom QSound 声音格式文件（.QSF/.MINIQSF）的解码支持。[CR][CR]QSound 是 QSound 实验室提供的定位三维（3D）声音处理算法的原始名称，该算法从多个单声道源创建3D音频效果，并将输出相加到两个通道，以便通过常规立体声扬声器进行呈现。</description>
  </extension>
</addon>
