<?xml version="1.0" encoding="UTF-8"?>
<addon id="game.libretro.mesen" name="Nintendo - NES / Famicom (Mesen)" version="0.9.9.23.2" provider-name="M. Bibaud (aka Sour)">
  <requires>
    <import addon="game.libretro" version="1.0.0"/>
  </requires>
  <extension point="kodi.gameclient" library_linux="game.libretro.mesen.so">
    <platforms/>
    <extensions>nes|fds|unf|unif</extensions>
    <supports_vfs>false</supports_vfs>
    <supports_standalone>false</supports_standalone>
    <requires_opengl>false</requires_opengl>
  </extension>
  <extension point="xbmc.addon.metadata">
    <license>GPLv3</license>
    <platform/>
    <source>https://github.com/kodi-game/game.libretro.mesen</source>
    <assets>
      <icon>resources/icon.png</icon>
      <screenshot>resources/screenshot-01.jpg</screenshot>
      <screenshot>resources/screenshot-02.jpg</screenshot>
      <screenshot>resources/screenshot-03.jpg</screenshot>
    </assets>
    <summary lang="en_GB">Nintendo - NES / Famicom (Mesen) 0.9.9</summary>
    <description lang="da_DK">Mesen er en NES-emulator med høj nøjagtighed til Windows og Linux.[CR][CR]Mesen tilbyder adskillige funktioner, såsom gemmetilstande, videofiltre, netplay, tilbagespoling, overclocking, snydekoder og HD-pakker.</description>
    <description lang="en_GB">Mesen is a high-accuracy NES emulator for Windows and Linux.[CR][CR]Mesen offers numerous features, such as save states, video filters, netplay, rewinding, overclocking, cheat codes and HD packs.</description>
  </extension>
</addon>
