<?xml version="1.0" encoding="UTF-8"?>
<addon id="inputstream.adaptive" version="20.1.2.1" name="InputStream Adaptive" provider-name="peak3d">
  <requires>
    <import addon="kodi.binary.global.main" minversion="2.0.0" version="2.0.0"/>
    <import addon="kodi.binary.global.general" minversion="1.0.4" version="1.0.5"/>
    <import addon="kodi.binary.global.filesystem" minversion="1.1.7" version="1.1.7"/>
    <import addon="kodi.binary.global.tools" minversion="1.0.0" version="1.0.4"/>
    <import addon="kodi.binary.instance.inputstream" minversion="3.0.1" version="3.0.2"/>
    <import addon="kodi.binary.instance.videocodec" minversion="2.0.1" version="2.0.2"/>
  </requires>
  <extension point="kodi.inputstream" name="adaptive" extension="" tags="true" listitemprops="license_type|license_key|license_data|license_flags|manifest_type|server_certificate|stream_headers|manifest_update_parameter|original_audio_language|max_bandwidth|play_timeshift_buffer|pre_init_data" library_linux="inputstream.adaptive.so.20.1.2"/>
  <extension point="xbmc.addon.metadata">
    <platform/>
    <summary lang="ca_ES">Client InputStream per a transmissions adaptatives</summary>
    <summary lang="da_DK">InputStream-klient til adaptive streams</summary>
    <summary lang="de_DE">InputStream-Client für adaptive Streams</summary>
    <summary lang="en_GB">InputStream client for adaptive streams</summary>
    <summary lang="es_ES">Cliente InputStream para flujo de datos adaptativos</summary>
    <summary lang="he_IL">לקוח InputStream לתזרימים מסתגלים</summary>
    <summary lang="hr_HR">InputStream klijent za adaptivne tokove</summary>
    <summary lang="hu_HU">InputStream kliens az adaptív streamekhez</summary>
    <summary lang="ko_KR">가변 스트림을 위한 InputStream 클라이언트</summary>
    <summary lang="pl_PL">Klient InputStream dla strumieni adaptacyjnych</summary>
    <summary lang="ru_RU">InputStream клиент для адаптивных трансляций</summary>
    <description lang="ca_ES">Client InputStream per a transmissions adaptatives</description>
    <description lang="da_DK">InputStream-klient til adaptive streams</description>
    <description lang="de_DE">InputStream-Client für adaptive Streams</description>
    <description lang="en_GB">InputStream client for adaptive streams</description>
    <description lang="es_ES">Cliente InputStream para flujo de datos adaptativos</description>
    <description lang="he_IL">לקוח InputStream לתזרימים מסתגלים</description>
    <description lang="hr_HR">InputStream klijent za adaptivne tokove</description>
    <description lang="hu_HU">InputStream kliens az adaptív streamekhez</description>
    <description lang="ko_KR">가변 스트림을 위한 InputStream 클라이언트</description>
    <description lang="pl_PL">Klient InputStream dla strumieni adaptacyjnych</description>
    <description lang="ru_RU">InputStream клиент для адаптивных трансляций</description>
  </extension>
</addon>
