<?xml version="1.0" encoding="UTF-8"?>
<addon id="audiodecoder.wsr" version="20.2.0.3" name="WSR Audio Decoder" provider-name="spiff">
  <requires>
    <import addon="kodi.binary.global.main" minversion="2.0.0" version="2.0.2"/>
    <import addon="kodi.binary.global.general" minversion="1.0.4" version="1.0.5"/>
    <import addon="kodi.binary.global.filesystem" minversion="1.1.7" version="1.1.7"/>
    <import addon="kodi.binary.global.tools" minversion="1.0.0" version="1.0.4"/>
    <import addon="kodi.binary.instance.audiodecoder" minversion="4.0.0" version="4.0.0"/>
  </requires>
  <extension point="kodi.audiodecoder" name="wsr" tags="true" tracks="true" library_linux="audiodecoder.wsr.so.20.2.0">
    <support>
      <extension name=".wsr">
        <description>30100</description>
        <icon>icon.png</icon>
      </extension>
    </support>
  </extension>
  <extension point="xbmc.addon.metadata">
    <platform/>
    <license>GPL-2.0-or-later</license>
    <source>https://github.com/xbmc/audiodecoder.wsr</source>
    <assets>
      <icon>icon.png</icon>
    </assets>
    <summary lang="da_DK">WonderSwan R lydafkoder</summary>
    <summary lang="de_DE">WonderSwan R Audio Decoder</summary>
    <summary lang="en_GB">WonderSwan R Audio Decoder</summary>
    <summary lang="id_ID">Dekoder Audio WonderSwan R</summary>
    <summary lang="ko_KR">WonderSwan R 오디오 디코더</summary>
    <summary lang="ru_RU">Аудиодекодер WonderSwan R</summary>
    <summary lang="zh_CN">WonderSwan R 音频解码器</summary>
    <description lang="da_DK">WonderSwan R (WSR) er et containerformat, der indeholder lydkode rippet fra ROM'erne fra spil til WonderSwan og WonderSwan Color håndholdt spilsystem. Både original- og farveversionerne brugte den samme lydchip, som kunne håndtere 4 PCM-lydkanaler.</description>
    <description lang="de_DE">WonderSwan R (WSR) ist ein Containerformat, das Audio-Code enthält, der aus den ROMs von Spielen für das WonderSwan- und WonderSwan Color-Handheld-Spielsystem gerippt wurde. Sowohl die Original- als auch die Farbversion verwendeten denselben Audio-Chip, der 4 PCM-Audiokanäle verarbeiten konnte.</description>
    <description lang="en_GB">WonderSwan R (WSR) is a container format, that holds audio code ripped from the ROMs of games for the WonderSwan and WonderSwan Color handheld game system. Both the original and color versions used the same audio chip which could handle 4 PCM audio channels.</description>
    <description lang="id_ID">WonderSwan R (WSR) adalah format wadah, yang menyimpan kode audio yang diambil dari ROM game untuk sistem game genggam WonderSwan dan WonderSwan Color. Versi asli dan warna menggunakan chip audio yang sama yang dapat menangani 4 saluran audio PCM.</description>
    <description lang="ko_KR">WonderSwan R(WSR)은 WonderSwan 및 WonderSwan 컬러 휴대용 게임 시스템용 게임 ROM에서 추출한 오디오 코드를 포함하는 컨테이너 형식입니다. 오리지널 버전과 컬러 버전 모두 4개의 PCM 오디오 채널을 처리할 수 있는 동일한 오디오 칩을 사용했습니다.</description>
    <description lang="ru_RU">WonderSwan R (WSR) - это формат контейнера, в котором хранится аудиокод, извлеченный из ПЗУ игр для портативной игровой системы WonderSwan и WonderSwan Color. И оригинальная, и цветная версии использовали один и тот же аудиочип, который мог обрабатывать 4 аудиоканала PCM.</description>
    <description lang="zh_CN">WonderSwan R（WSR）是一种容器格式，用于保存 WonderSwan 和 WonderSwan 彩色版掌机游戏 ROM 中的音频代码。初始版和彩色版都使用相同的音频芯片，可以处理4个PCM音频声道。</description>
  </extension>
</addon>
