<?xml version="1.0" encoding="UTF-8" standalone="yes"?>
<addon id="service.proftpd"
       name="ProFTPD Server"
       version="20.0.103"
       provider-name="Team CoreELEC">
  <requires>
    <import addon="xbmc.python" version="3.0.0"/>

  </requires>
  <extension point="xbmc.service" library="default.py">
    <provides></provides>
  </extension>
  <extension point="xbmc.addon.metadata">
    <summary>ProFTPD: a FTP server for linux</summary>
    <description>
ProFTPD (1.3.7a): is a secure and configurable FTP server with SSL/TLS support
    </description>
    <disclaimer>

    </disclaimer>
    <platform>all</platform>
    <news>
103
- update to proftpd 1.3.7a

102
- update to proftpd 1.3.6

101
- rebuild

100
- initial LibreELEC release
    </news>
    <assets>
      <icon>resources/icon.png</icon>
      <fanart>resources/fanart.png</fanart>

    </assets>
  </extension>
</addon>
