<?xml version="1.0" encoding="UTF-8"?>
<addon id="inputstream.adaptive" version="20.3.4.3" name="InputStream Adaptive" provider-name="peak3d">
  <requires>
    <import addon="kodi.binary.global.main" minversion="2.0.0" version="2.0.2"/>
    <import addon="kodi.binary.global.general" minversion="1.0.4" version="1.0.5"/>
    <import addon="kodi.binary.global.gui" minversion="5.15.0" version="5.15.0"/>
    <import addon="kodi.binary.global.filesystem" minversion="1.1.7" version="1.1.8"/>
    <import addon="kodi.binary.global.tools" minversion="1.0.0" version="1.0.4"/>
    <import addon="kodi.binary.instance.inputstream" minversion="3.2.0" version="3.2.0"/>
    <import addon="kodi.binary.instance.videocodec" minversion="2.0.1" version="2.0.3"/>
  </requires>
  <extension point="kodi.inputstream" name="adaptive" extension="" tags="true" listitemprops="license_type|license_key|license_data|license_flags|manifest_type|server_certificate|manifest_update_parameter|manifest_params|manifest_headers|stream_params|stream_headers|original_audio_language|max_bandwidth|play_timeshift_buffer|pre_init_data|stream_selection_type|chooser_bandwidth_max|chooser_resolution_max|chooser_resolution_secure_max" library_linux="inputstream.adaptive.so.20.3.4"/>
  <extension point="xbmc.addon.metadata">
    <platform/>
    <license>GPL-2.0-or-later</license>
    <source>https://github.com/xbmc/inputstream.adaptive</source>
    <assets>
      <icon>icon.png</icon>
      <fanart>fanart.jpg</fanart>
    </assets>
    <summary lang="ca_ES">Client InputStream per a transmissions adaptatives</summary>
    <summary lang="cs_CZ">Klient adaptivních toků protokolu InputStream</summary>
    <summary lang="da_DK">InputStream-klient til adaptive streams</summary>
    <summary lang="de_DE">InputStream-Client für adaptive Streams</summary>
    <summary lang="en_GB">InputStream client for adaptive streams</summary>
    <summary lang="es_ES">Cliente InputStream para flujo de datos adaptativos</summary>
    <summary lang="es_MX">Cliente InputStream para transmisiones adaptativas</summary>
    <summary lang="fi_FI">InputStream-asiakas mukautuville mediavirroille</summary>
    <summary lang="fr_FR">Client InputStream pour les flux adaptatifs</summary>
    <summary lang="he_IL">לקוח InputStream לתזרימים מסתגלים</summary>
    <summary lang="hr_HR">InputStream klijent za prilagodljiva strujanja</summary>
    <summary lang="hu_HU">InputStream kliens az adaptív streamekhez</summary>
    <summary lang="it_IT">Client InputStream per stream adattivi</summary>
    <summary lang="ko_KR">가변 스트림을 위한 InputStream 클라이언트</summary>
    <summary lang="lv_LV">InputStream klients adaptīvām straumēm</summary>
    <summary lang="nl_NL">InputStream client voor adaptive streams</summary>
    <summary lang="pl_PL">Klient InputStream dla strumieni adaptacyjnych</summary>
    <summary lang="ru_RU">InputStream клиент для адаптивных трансляций</summary>
    <summary lang="zh_CN">用于自适应流的 InputStream 客户端</summary>
    <description lang="ca_ES">Client InputStream per a transmissions adaptatives</description>
    <description lang="cs_CZ">Klient adaptivních toků protokolu InputStream</description>
    <description lang="da_DK">InputStream-klient til adaptive streams</description>
    <description lang="de_DE">InputStream-Client für adaptive Streams</description>
    <description lang="en_GB">InputStream client for adaptive streams. Common streaming protocols such as MPEG-DASH, HLS and Microsoft Smooth Streaming are supported.[CR][CR]The add-on also has support for DRM protected streams, such as Google Widevine, Microsoft PlayReady and others.[CR][CR]For documentation visit: https://github.com/xbmc/inputstream.adaptive</description>
    <description lang="es_ES">Cliente InputStream para flujo de datos adaptativos</description>
    <description lang="es_MX">Cliente InputStream para transmisiones adaptativas</description>
    <description lang="fi_FI">InputStream-asiakas mukautuville mediavirroille</description>
    <description lang="fr_FR">Client InputStream pour les flux adaptatifs</description>
    <description lang="he_IL">לקוח InputStream לתזרימים מסתגלים</description>
    <description lang="hr_HR">InputStream klijent za prilagodljiva strujanja</description>
    <description lang="hu_HU">InputStream kliens az adaptív streamekhez</description>
    <description lang="it_IT">Client InputStream per stream adattivi</description>
    <description lang="ko_KR">가변 스트림을 위한 InputStream 클라이언트</description>
    <description lang="lv_LV">InputStream klients adaptīvām straumēm</description>
    <description lang="pl_PL">Klient InputStream dla strumieni adaptacyjnych</description>
    <description lang="ru_RU">InputStream клиент для адаптивных трансляций</description>
    <description lang="zh_CN">用于自适应流的 InputStream 客户端</description>
  </extension>
</addon>
