<?xml version="1.0" encoding="UTF-8"?>
<addon id="game.libretro.stella" name="Atari - 2600 (Stella 2014)" version="3.9.3.33.2" provider-name="Stephen Anthony, Bradford Mott, Eckhard Stolberg, Brian Watson">
  <requires>
    <import addon="game.libretro" version="1.0.0"/>
    <import addon="game.controller.atari.2600" version="1.0.0"/>
  </requires>
  <extension point="kodi.gameclient" library_linux="game.libretro.stella.so">
    <platforms>Atari 2600</platforms>
    <extensions>a26|bin</extensions>
    <supports_vfs>true</supports_vfs>
    <supports_standalone>false</supports_standalone>
    <requires_opengl>false</requires_opengl>
  </extension>
  <extension point="xbmc.addon.metadata">
    <license>GPLv2</license>
    <platform/>
    <source>https://github.com/kodi-game/game.libretro.stella</source>
    <assets>
      <icon>resources/icon.png</icon>
      <screenshot>resources/screenshot-01.jpg</screenshot>
      <screenshot>resources/screenshot-02.jpg</screenshot>
      <screenshot>resources/screenshot-03.jpg</screenshot>
    </assets>
    <summary lang="en_GB">Atari - 2600 (Stella 2014) 3.9.3</summary>
    <description lang="da_DK">Stella er en Atari 2600 VCS-emulator til flere platforme.[CR][CR]Atari 2600 Video Computer System (VCS), der blev introduceret i 1977, var det mest populære hjemmevideospilsystem i begyndelsen af 1980'erne.</description>
    <description lang="en_GB">Stella is a multi-platform Atari 2600 VCS emulator.[CR][CR]The Atari 2600 Video Computer System (VCS), introduced in 1977, was the most popular home video game system of the early 1980s.</description>
    <disclaimer lang="da_DK">Stella blev oprindeligt udviklet til Linux af Bradford W. Mott og vedligeholdes i øjeblikket af Stephen Anthony.</disclaimer>
    <disclaimer lang="en_GB">Stella was originally developed for Linux by Bradford W. Mott, and is currently maintained by Stephen Anthony.</disclaimer>
  </extension>
</addon>
