<?xml version="1.0" encoding="UTF-8" standalone="yes"?>
<addon id="script.program.driverselect" name="CoreELEC Module Drivers" version="0.1.6.1.0" provider-name="Birger Jesch">
  <requires>
    <import addon="xbmc.python" version="3.0.0"/>
    <import addon="xbmc.json" version="7.0.0"/>
  </requires>
  <extension point="xbmc.python.script" library="default.py"/>
  <extension point="xbmc.addon.metadata">
    <summary lang="en_gb">CoreELEC driver selection</summary>
    <description lang="en_gb">Select and install a suitable driver module for your hardware.</description>
    <disclaimer lang="en_gb">Use at your own risk. No guarantee that this addon works as expected.</disclaimer>
    <summary lang="de_de">CoreELEC Treibermodul Auswahl</summary>
    <description lang="de_de">Wähle und installiere ein passendes Treibermodul für Deine Hardware.</description>
    <disclaimer lang="de_de">Benutzung auf eigene Gefahr. Keine Garantie, daß das Addon wie erwartet funktioniert.</disclaimer>
    <platform>linux</platform>
    <license>GNU GENERAL PUBLIC LICENSE. Version 3, June 2007</license>
    <forum/>
    <website/>
    <email/>
    <source>https://github.com/b-jesch/script.program.driverselect</source>
    <news/>
    <assets>
      <icon>resources/icon.png</icon>
      <fanart>resources/fanart.png</fanart>
      <screenshot/>
    </assets>
  </extension>
</addon>
