<?xml version="1.0" encoding="UTF-8"?>
<addon id="game.libretro.bsnes-mercury-accuracy" name="Nintendo - SNES / SFC (bsnes-mercury Accuracy)" version="0.94.0.24.1" provider-name="Near, Alcaro">
  <requires>
    <import addon="game.libretro" version="1.0.0"/>
    <import addon="game.controller.snes" version="1.0.0"/>
    <import addon="game.controller.snes.multitap" version="1.0.0"/>
    <import addon="game.controller.snes.super.scope" version="1.0.0"/>
    <import addon="game.controller.konami.justifier.snes" version="1.0.0"/>
    <import addon="game.controller.konami.justifier.player2" version="1.0.0"/>
  </requires>
  <extension point="kodi.gameclient" library_linux="game.libretro.bsnes-mercury-accuracy.so">
    <platforms>SNES</platforms>
    <extensions>sfc|smc|bml</extensions>
    <supports_vfs>true</supports_vfs>
    <supports_standalone>false</supports_standalone>
    <requires_opengl>false</requires_opengl>
  </extension>
  <extension point="xbmc.addon.metadata">
    <license>GPLv3</license>
    <platform/>
    <source>https://github.com/kodi-game/game.libretro.bsnes-mercury-accuracy</source>
    <assets>
      <icon>resources/icon.png</icon>
      <screenshot>resources/screenshot-01.jpg</screenshot>
      <screenshot>resources/screenshot-02.jpg</screenshot>
      <screenshot>resources/screenshot-03.jpg</screenshot>
    </assets>
    <summary lang="en_GB">Nintendo - SNES / SFC (bsnes-mercury Accuracy) v094 (Accuracy)</summary>
    <description lang="da_DK">bSNES Mercury er en fork af Higan (oprindeligt kaldet bSNES), kendt for at emulere den originale hardware så nøjagtigt som muligt gennem lav-niveau, cyklus-nøjagtig emulering.[CR][CR]Profilen [I]Nøjagtighed[/I] fokuserer på nøjagtighed på bekostning af ydeevne.</description>
    <description lang="en_GB">bSNES Mercury is a fork of Higan (originally called bSNES), notable for emulating the original hardware as accurately as possible through low-level, cycle-accurate emulation.[CR][CR]The [I]Accuracy[/I] profile focuses on accuracy at the cost of performance.</description>
    <description lang="es_ES">bSNES Mercury es una bifurcación de Higan (originalmente llamado bSNES), que destaca por emular el hardware original con la mayor precisión posible mediante emulación de bajo nivel y precisión de ciclos.[CR][CR]El perfil [I]Accuracy[/I] se centra en la precisión a costa del rendimiento.</description>
    <description lang="it_IT">bSNES Mercury è un fork di Higan (originariamente chiamato bSNES), noto per l'emulazione dell'hardware originale nel modo più accurato possibile attraverso un'emulazione di basso livello e accurata del ciclo.[CR][CR]Il profilo [I]Accuracy[/I] si concentra sulla precisione a discapito delle prestazioni.</description>
    <description lang="ru_RU">bSNES Mercury — это форк Higan (первоначально называвшийся bSNES), отличающийся максимально точной эмуляцией оригинального оборудования с помощью низкоуровневой эмуляции с точностью до цикла.[CR][CR][I]Точный[/I] профиль фокусируется на точности за счёт производительности.</description>
    <description lang="zh_CN">bSNES Mercury 是 Higan（最初称为 bSNES）的一个分支，以通过低级别、周期精确的仿真尽可能精确地模拟原始硬件而著名。[CR][CR][I]精度[/I]配置以性能为代价关注精度。</description>
    <disclaimer lang="da_DK">I kærligt minde om Near / Byuu</disclaimer>
    <disclaimer lang="de_DE">In liebevoller Erinnerung an Near / Byuu</disclaimer>
    <disclaimer lang="en_GB">In loving memory of Near / Byuu</disclaimer>
    <disclaimer lang="es_ES">En cariñoso recuerdo de Near / Byuu</disclaimer>
    <disclaimer lang="it_IT">In amorevole ricordo di Near / Byuu</disclaimer>
    <disclaimer lang="ko_KR">Near / Byuu의 사랑을 기억하며</disclaimer>
    <disclaimer lang="ru_RU">В память о Near / Byuu</disclaimer>
    <disclaimer lang="zh_CN">怀念 Near / Byuu</disclaimer>
  </extension>
</addon>
