<?xml version="1.0" encoding="UTF-8"?>
<addon id="audioencoder.wav" version="19.0.0.1" name="Wav Audio Encoder" provider-name="jmarshall">
  <requires>
    <import addon="kodi.binary.global.main" minversion="1.2.0" version="1.3.0"/>
    <import addon="kodi.binary.instance.audioencoder" minversion="2.1.0" version="2.1.0"/>
  </requires>
  <extension point="kodi.audioencoder" extension=".wav" library_linux="audioencoder.wav.so.19.0.0"/>
  <extension point="xbmc.addon.metadata">
    <platform/>
    <license>GPL-2.0-or-later</license>
    <source>https://github.com/xbmc/audioencoder.wav</source>
    <assets>
      <icon>icon.png</icon>
    </assets>
    <summary lang="de_DE">Waveform Audio File Format Encoder</summary>
    <summary lang="en_GB">Waveform Audio File Format Encoder</summary>
    <description lang="de_DE">WAV (Waveform Audio Format) ist ein unkomprimiertes Klangformat.</description>
    <description lang="en_GB">WAV (Waveform Audio Format) is an uncompressed sound format.</description>
  </extension>
</addon>
