<?xml version="1.0" encoding="UTF-8"?>
<addon id="audiodecoder.organya" version="20.2.0.2" name="Org Audio Decoder" provider-name="spiff">
  <requires>
    <import addon="kodi.binary.global.main" minversion="2.0.0" version="2.0.2"/>
    <import addon="kodi.binary.global.general" minversion="1.0.4" version="1.0.5"/>
    <import addon="kodi.binary.global.filesystem" minversion="1.1.7" version="1.1.7"/>
    <import addon="kodi.binary.instance.audiodecoder" minversion="4.0.0" version="4.0.0"/>
  </requires>
  <extension point="kodi.audiodecoder" name="org" tags="true" library_linux="audiodecoder.organya.so.20.2.0">
    <support>
      <extension name=".org">
        <description>30100</description>
        <icon>ext-icon.png</icon>
      </extension>
    </support>
  </extension>
  <extension point="xbmc.addon.metadata">
    <platform/>
    <license>GPL-2.0-or-later</license>
    <source>https://github.com/xbmc/audiodecoder.organya</source>
    <assets>
      <icon>icon.png</icon>
    </assets>
    <summary lang="da_DK">Organya lydafkoder</summary>
    <summary lang="de_DE">Organya Audio Decoder</summary>
    <summary lang="en_GB">Organya Audio Decoder</summary>
    <summary lang="nl_NL">Organya audio decoder</summary>
    <summary lang="ru_RU">Аудиодекодер Organya</summary>
    <summary lang="zh_CN">Organya 音频解码器</summary>
    <description lang="da_DK">Organya er et musikformat, der bruges i "Cave Story", skabt af den japanske programmør "Pixel". Udover at blive brugt i det originale spil, er der et stort og aktivt Cave Story-fanfællesskab, der skaber musik i dette format, både til selvstændig afspilning og til brug i mods til spillet.[CR][CR]Dette add-on tillader afspilning af .ORG-filer til dette format.</description>
    <description lang="de_DE">Organya ist ein Musikformat, das in "Cave Story" verwendet wird und vom japanischen Programmierer "Pixel" erstellt wurde. Neben der Verwendung im Originalspiel gibt es eine große und aktive Cave Story-Fan-Community, die Musik in diesem Format erstellt, sowohl für das eigenständige Spielen als auch für die Verwendung in Modifikationen für das Spiel.[CR][CR]Dieses Addon ermöglicht das Abspielen von .ORG-Dateien für dieses Format.</description>
    <description lang="en_GB">Organya is a music format used in "Cave Story", created by the Japanese programmer "Pixel". As well as being used in the original game, there is a large and active Cave Story fan community which creates music in this format, both for standalone to play and for use in mods for the game.[CR][CR]This addon allows playing of .ORG files for this format.</description>
    <description lang="nl_NL">Organya is een muziekformaat dat gebruikt wordt in "Cave Story", ontwikkeld door de Japanse programmeur "Pixel". Het wordt niet alleen in het originele spel gebruikt, maar er is ook een omvangrijke, actieve Cave Story fancommunity die muziek in dit formaat maakt, gewoon om af te spelen of ten behoeve van van mods voor het spel.[CR][CR]Deze add-on faciliteert het afspelen van .ORG bestanden met dit formaat.</description>
    <description lang="ru_RU">Organya - это музыкальный формат, используемый в игре "Cave Story", созданный японским программистом "Pixel". Помимо того, что он используется в оригинальной игре, существует большое и активное сообщество фанатов "Cave Story", которые создают музыку в этом формате, как для самостоятельного воспроизведения, так и для использования в модах к игре.[CR][CR]Это дополнение позволяет воспроизводить файлы .ORG для этого формата.</description>
    <description lang="zh_CN">Organya 是游戏“洞窟物语”中使用的一种音乐格式，由日本程序员“Pixel”创作。除了在原始游戏中使用外，还有一个大型且活跃的洞窟物语粉丝社区，该社区创建了这种格式的音乐，既可以独立播放，也可以在游戏的 mods 中使用。[CR][CR]此插件允许播放这种格式的 .ORG 文件。</description>
  </extension>
</addon>
