<?xml version="1.0" encoding="UTF-8" standalone="yes"?>
<addon id="service.minisatip"
       name="Minisatip"
       version="20.0.111"
       provider-name="Team CoreELEC">
  <requires>
    <import addon="xbmc.python" version="3.0.0"/>

  </requires>
  <extension point="xbmc.service" library="default.py">
    <provides></provides>
  </extension>
  <extension point="xbmc.addon.metadata">
    <summary>minisatip: a Sat>IP streaming server for Linux</summary>
    <description>
minisatip(): is a Sat>IP streaming server for Linux supporting DVB-C, DVB-S/S2, DVB-T/T2, ATSC and ISDB-T
    </description>
    <disclaimer>

    </disclaimer>
    <platform>all</platform>
    <news>
111
- upgrade to minisatip 1.2.7

110
- upgrade to minisatip 1.1.92

109
- upgrade to minisatip 1.1.66

108
- upgrade to minisatip 1.1.51

107
- upgrade to minisatip 1.1.44

106
- upgrade to minisatip 1.1.34

105
- upgrade to minisatip 1.1.24

104
- upgrade to minisatip 1.1.9

103
- upgrade to minisatip 1.0.4

102
- upgrade to minisatip 1.0.3
- optimize writing RTSP and TCP data
- CA module improvements

101
- update to 0.7.18

100
- Initial Release
    </news>
    <assets>
      <icon>resources/icon.png</icon>
      <fanart>resources/fanart.png</fanart>

    </assets>
  </extension>
</addon>
