<?xml version="1.0" encoding="UTF-8" standalone="yes"?>
<addon id="driver.dvb.sundtek-mediatv"
       name="Sundtek MediaTV"
       version="20.0.107"
       provider-name="Team CoreELEC">
  <requires>
    <import addon="xbmc.python" version="3.0.0"/>

  </requires>
  <extension point="xbmc.service" library="default.py">
    <provides></provides>
  </extension>
  <extension point="xbmc.addon.metadata">
    <summary>Sundtek MediaTV: a Linux driver to add support for SUNDTEK USB DVB devices</summary>
    <description>
Install this to add support for Sundtek USB DVB devices.
    </description>
    <disclaimer>

    </disclaimer>
    <platform>all</platform>
    <news>
8.0.107
- rebuild to include new driver version

8.0.106
- updates for Python 3

8.0.105
- use new output from mediaclient
  use xmlstartlet to parse settings.xml file

8.0.104
- once a serial number is in config file then ir_disabled parameter
  needs to be localized below it (it is not global parameter anymore)

8.0.103
- rebuild

8.0.102
- automatically update driver to latest version on first install
  show driver version in addon settings
  allow update for aarch64 architecture
  german translations

8.0.101
- system wait-for-online preference is now respected

8.0.100
- Update for LibreELEC 8.0

7.0.101
- added proper icon and description

7.0.100
- initial LibreELEC version    </news>
    <assets>
      <icon>resources/icon.png</icon>
      <fanart>resources/fanart.png</fanart>

    </assets>
  </extension>
</addon>
