<?xml version="1.0" encoding="UTF-8" standalone="yes"?>
<addon id="service.mariadb"
       name="MariaDB SQL database server"
       version="20.0.105"
       provider-name="Team CoreELEC">
  <requires>
    <import addon="xbmc.python" version="3.0.0"/>

  </requires>
  <extension point="xbmc.service" library="default.py">
    <provides></provides>
  </extension>
  <extension point="xbmc.addon.metadata">
    <summary>MariaDB is a community-developed fork of the MySQL.</summary>
    <description>
MariaDB (10.4.21) is a fast SQL database server and a drop-in replacement for MySQL.
    </description>
    <disclaimer>

    </disclaimer>
    <platform>all</platform>
    <news>
105
- update MariaDB to 10.4.21

104
- update MariaDB to 10.4.17

103
- update MariaDB to 10.3.14
  include mysqldump program
  add user kodi@localhost to allow localhost connections
  
102
- do not change password on addon update

101
- update MariaDB to 10.3.12
  removed optimizer_search_depth from config file to speed it up
  moved some paths for logs to addon home
  added alias for service name (mariadb == service.mariadb)

100
- initial version
    </news>
    <assets>
      <icon>resources/icon.png</icon>
      <fanart>resources/fanart.png</fanart>

    </assets>
  </extension>
</addon>
