<?xml version="1.0" encoding="UTF-8" standalone="yes"?>
<addon id="repository.linuxserver.docker" name="LinuxServer.io's Docker Add-ons" version="9.0.103.103" provider-name="LinuxServer.io">
  <requires>
    <import addon="xbmc.addon" version="16.1.0"/>
  </requires>
  <extension point="xbmc.addon.repository" name="LinuxServer.io's Docker Add-on Repository">
    <dir>
      <info compressed="true">https://raw.githubusercontent.com/linuxserver/libreelec-addon-repo/master/addons.xml</info>
      <checksum>https://raw.githubusercontent.com/linuxserver/libreelec-addon-repo/master/addons.xml.md5</checksum>
      <datadir zip="true">https://raw.githubusercontent.com/linuxserver/libreelec-addon-repo/master/download</datadir>
      <hashes>false</hashes>
    </dir>
  </extension>
  <extension point="xbmc.addon.metadata">
    <summary>Install add-ons from LinuxServer.io's docker repository</summary>
    <description>
Download and install docker container add-ons from the LinuxServer.io repository.

Please visit https://linuxserver.io for more information.
		</description>
    <disclaimer> </disclaimer>
    <platform>all</platform>
    <news>
103
- bump addon rev for new format

101
- Change repo location for zips

100
- Initial LibreELEC version
		</news>
    <assets><icon>resources/icon.png</icon><fanart>resources/fanart.png</fanart>

		</assets>
  </extension>
</addon>
