<?xml version="1.0" encoding="UTF-8" standalone="yes"?>
<addon id="virtual.multimedia-tools"
       name="Multimedia Tools"
       version="20.1.0"
       provider-name="Team CoreELEC">
  <requires>
    <import addon="xbmc.python" version="3.0.0"/>

  </requires>
  <extension point="xbmc.python.script" library="default.py">
    <provides></provides>
  </extension>
  <extension point="xbmc.addon.metadata">
    <summary>A bundle of multimedia tools and programs</summary>
    <description>
This bundle currently includes alsamixer, mediainfo, mpg123, opencaster, squeezelite, tsdecrypt and tstools.
    </description>
    <disclaimer>

    </disclaimer>
    <platform>all</platform>
    <news>
initial release
    </news>
    <assets>
      <icon>resources/icon.png</icon>
      <fanart>resources/fanart.png</fanart>

    </assets>
  </extension>
</addon>
