<?xml version="1.0" encoding="UTF-8" standalone="yes"?>
<addon id="service.snapclient"
       name="Snapclient"
       version="20.0.1.1"
       provider-name="Anton Voyl (awiouy)">
  <requires>
    <import addon="xbmc.python" version="3.0.0"/>

  </requires>
  <extension point="xbmc.service" library="default.py">
    <provides></provides>
  </extension>
  <extension point="xbmc.python.library" library="addon.py">
    <provides></provides>
  </extension>
  <extension point="xbmc.addon.metadata">
    <summary>Snapclient: Synchronous multi-room audio client</summary>
    <description>
Snapclient (0.26.0) is a Snapcast client. Snapcast is a multi-room client-server audio system, where all clients are time synchronized with the server to play perfectly synced audioplays.
    </description>
    <disclaimer>

    </disclaimer>
    <platform>all</platform>
    <news>
initial release
    </news>
    <assets>
      <icon>resources/icon.png</icon>
      <fanart>resources/fanart.png</fanart>

    </assets>
  </extension>
</addon>
