<?xml version="1.0" encoding="UTF-8"?>
<addon id="game.libretro.fbneo" name="Arcade (FinalBurn Neo)" version="1.0.0.62.1" provider-name="Team FBNeo">
  <requires>
    <import addon="game.libretro" version="1.0.0"/>
  </requires>
  <extension point="kodi.gameclient" library_linux="game.libretro.fbneo.so">
    <platforms/>
    <extensions>zip|7z|cue|ccd</extensions>
    <supports_vfs>false</supports_vfs>
    <supports_standalone>false</supports_standalone>
    <requires_opengl>false</requires_opengl>
  </extension>
  <extension point="xbmc.addon.metadata">
    <license>Non-commercial</license>
    <platform/>
    <source>https://github.com/kodi-game/game.libretro.fbneo</source>
    <assets>
      <icon>resources/icon.png</icon>
    </assets>
    <summary lang="en_GB">Arcade (FinalBurn Neo) v1.0.0.03 </summary>
    <description lang="da_DK">FinalBurn Neo er en fork af FinalBurn Alpha, en emulator af arkadespil.[CR][CR]FB Neo-emulering inkluderer Capcom CPS-1 og CPS-2, SNK Neo-Geo, Toaplan, Cave og Sega System 16.</description>
    <description lang="en_GB">FinalBurn Neo is a fork of FinalBurn Alpha, an emulator of arcade games.[CR][CR]FB Neo emulation includes Capcom CPS-1 and CPS-2, SNK Neo-Geo, Toaplan, Cave and Sega System 16.</description>
    <description lang="it_IT">FinalBurn Neo è un fork di FinalBurn Alpha, un emulatore di giochi arcade.[CR][CR]L'emulazione di FB Neo include Capcom CPS-1 e CPS-2, SNK Neo-Geo, Toaplan, Cave e Sega System 16.</description>
    <description lang="ko_KR">FinalBurn Neo는 아케이드 게임의 에뮬레이터인 FinalBurn Alpha의 포크입니다.[CR][CR]FB Neo 에뮬레이션에는 Capcom CPS-1 및 CPS-2, SNK Neo-Geo, Toaplan, Cave 및 Sega System 16이 포함됩니다.</description>
    <description lang="zh_CN">FinalBurn Neo 是 FinalBurn Alpha 的一个分支，它是街机游戏的模拟器。[CR][CR]FB Neo 仿真包括 Capcom CPS-1 和 CPS-2、SNK Neo Geo、Toaplan、Cave 和 Sega System 16。</description>
    <disclaimer lang="da_DK">Billedekredit: TRIPLEKILLZ (triplekillz.deviantart.com)</disclaimer>
    <disclaimer lang="en_GB">Icon credit: TRIPLEKILLZ (triplekillz.deviantart.com)</disclaimer>
    <disclaimer lang="it_IT">Credito icona: TRIPLEKILLZ (triplekillz.deviantart.com)</disclaimer>
    <disclaimer lang="ko_KR">아이콘 크레딧: TRIPLEKILLZ(triplekillz.deviantart.com)</disclaimer>
    <disclaimer lang="zh_CN">图标来源：TRIPLEKILLZ（triplekillz.deviantart.com）</disclaimer>
  </extension>
</addon>
