<?xml version="1.0" encoding="UTF-8" standalone="yes"?>
<addon id="service.prometheus-node-exporter"
       name="Prometheus Node Exporter"
       version="20.0.102"
       provider-name="Team CoreELEC">
  <requires>
    <import addon="xbmc.python" version="3.0.0"/>

  </requires>
  <extension point="xbmc.service" library="default.py">
    <provides></provides>
  </extension>
  <extension point="xbmc.addon.metadata">
    <summary>Prometheus exporter for machine metrics.</summary>
    <description>
Prometheus exporter for hardware and OS metrics exposed by the kernel.
    </description>
    <disclaimer>

    </disclaimer>
    <platform>all</platform>
    <news>
102
- prometheus-node-exporter: update to 1.4.0

101
- prometheus-node-exporter: update to 1.3.1

100
- Initial addon
    </news>
    <assets>
      <icon>resources/icon.png</icon>
      <fanart>resources/fanart.png</fanart>

    </assets>
  </extension>
</addon>
