<?xml version="1.0" encoding="UTF-8"?>
<addon id="audiodecoder.usf" version="20.0.0.1" name="USF Audio Decoder" provider-name="spiff">
  <requires>
    <import addon="kodi.binary.global.main" minversion="1.2.0" version="1.3.0"/>
    <import addon="kodi.binary.global.filesystem" minversion="1.1.0" version="1.1.6"/>
    <import addon="kodi.binary.instance.audiodecoder" minversion="3.0.0" version="3.0.0"/>
  </requires>
  <extension point="kodi.audiodecoder" name="usf" extension=".miniusf" tags="true" library_linux="audiodecoder.usf.so.20.0.0"/>
  <extension point="xbmc.addon.metadata">
    <platform/>
    <license>GPL-2.0-or-later</license>
    <source>https://github.com/xbmc/audiodecoder.usf</source>
    <assets>
      <icon>icon.png</icon>
    </assets>
    <summary lang="de_DE">USF - Nintendo Ultra 64 Sound Format Decoder</summary>
    <summary lang="en_GB">USF - Nintendo Ultra 64 Sound Format Decoder</summary>
    <description lang="de_DE">Dies ist ein Decoder, der die Wiedergabe von (Ultra) Nintendo 64 Sound-Format-Dateien (.USF / .MINIUSF) unterstützt.</description>
    <description lang="en_GB">This is a decoder which adds support for playing (Ultra) Nintendo 64 Sound format (.USF/.MINIUSF) files.</description>
  </extension>
</addon>
