<?xml version="1.0" encoding="UTF-8" standalone="yes"?>
<addon id="service.snapclient"
       name="Snapclient"
       version="20.0.107"
       provider-name="Anton Voyl (awiouy)">
  <requires>
    <import addon="xbmc.python" version="3.0.0"/>

  </requires>
  <extension point="xbmc.service" library="default.py">
    <provides></provides>
  </extension>
  <extension point="xbmc.python.library" library="addon.py">
    <provides></provides>
  </extension>
  <extension point="xbmc.addon.metadata">
    <summary>Snapclient: Synchronous multi-room audio client</summary>
    <description>
Snapclient (0.25.0) is a Snapcast client. Snapcast is a multi-room client-server audio system, where all clients are time synchronized with the server to play perfectly synced audioplays.
    </description>
    <disclaimer>

    </disclaimer>
    <platform>all</platform>
    <news>
107
- asio: update to 1.18.2
- libconfig: update to 1.7.3
- shairport-sync: update to 3.3.8
- snapcast: update to 0.25.0

106
- Fixed issue when listing sound cards
- Added the option to specify the snapcast server host address

105
- aixlog: update to 1.5.0
- snapcast: update to 0.24.0

104
- Update to 0.23.0

103
- Update to 0.22.0

102
- Update to 0.15.0
- Add alsa-plugins

101
- Always restart service
- Improve latency setting
- Keep daemon state

100
- Initial addon
    </news>
    <assets>
      <icon>resources/icon.png</icon>
      <fanart>resources/fanart.png</fanart>

    </assets>
  </extension>
</addon>
