<?xml version="1.0" encoding="UTF-8"?>
<addon id="game.libretro.beetle-bsnes" name="Nintendo - SNES / SFC (Beetle bsnes)" version="0.9.26.17.1" provider-name="byuu, Mednafen Team">
  <requires>
    <import addon="game.libretro" version="1.0.0"/>
    <import addon="game.controller.snes" version="1.0.0"/>
  </requires>
  <extension point="kodi.gameclient" library_linux="game.libretro.beetle-bsnes.so">
    <platforms>SNES</platforms>
    <extensions>smc|fig|bs|st|sfc</extensions>
    <supports_vfs>false</supports_vfs>
    <supports_standalone>false</supports_standalone>
    <requires_opengl>false</requires_opengl>
  </extension>
  <extension point="xbmc.addon.metadata">
    <license>GPLv2</license>
    <platform/>
    <source>https://github.com/kodi-game/game.libretro.beetle-bsnes</source>
    <assets>
      <icon>resources/icon.png</icon>
      <screenshot>resources/screenshot-01.jpg</screenshot>
      <screenshot>resources/screenshot-02.jpg</screenshot>
      <screenshot>resources/screenshot-03.jpg</screenshot>
    </assets>
    <summary lang="en_GB">Nintendo - SNES / SFC (Beetle bsnes) v0.9.26</summary>
    <description lang="en_GB">Beetle bSNES is the SNES module of Beetle, a fork of Mednafen. Mednafen's SNES module itself is a fork of bSNES v0.59.</description>
    <description lang="ko_KR">비틀 bSNES는 Mednafen의 포크인 비틀의 SNES 모듈입니다. Mednafen의 SNES 모듈 자체는 bSNES v0.59의 포크입니다.</description>
    <description lang="zh_CN">Beetle bSNES 是 Beetle 的 SNES 模块，是 Mednafen 的一个分支。Mednafen 的 SNES 模块本身又是 bSNES v0.59 的一个分支。</description>
    <disclaimer lang="en_GB">In loving memory of Near / Byuu</disclaimer>
  </extension>
</addon>
