<?xml version="1.0" encoding="UTF-8"?>
<addon id="audiodecoder.timidity" version="3.0.0.4" name="Timidity Audio Decoder" provider-name="spiff">
  <requires>
    <import addon="kodi.binary.global.main" minversion="1.2.0" version="1.3.0"/>
    <import addon="kodi.binary.global.general" minversion="1.0.4" version="1.0.5"/>
    <import addon="kodi.binary.global.filesystem" minversion="1.1.0" version="1.1.6"/>
    <import addon="kodi.binary.global.tools" minversion="1.0.0" version="1.0.4"/>
    <import addon="kodi.binary.instance.audiodecoder" minversion="3.0.0" version="3.0.0"/>
  </requires>
  <extension point="kodi.audiodecoder" name="mid" tags="true" extension=".mid|.kar" library_linux="audiodecoder.timidity.so.3.0.0"/>
  <extension point="xbmc.addon.metadata">
    <summary lang="de_DE">MIDI Software synthesizer</summary>
    <summary lang="en_GB">MIDI Software synthesizer</summary>
    <description lang="de_DE">TiMidity ist ein Software-Synthesizer, der MIDI-Dateien ohne Hardware-Synthesizer abspielen kann.

Um TiMidity verwenden zu können, benötigen Sie eine funktionierende Konfigurationsdatei timidity.cfg oder Sound-Schriftarten. Kopieren Sie diese Dateien in das Verzeichnis, das Sie speichern möchten, und wählen Sie sie in den Add-On-Einstellungen aus.</description>
    <description lang="en_GB">TiMidity is a software synthesizer that can play MIDI files without a hardware synthesizer.

To use TiMidity you need a working timidity.cfg config file or sound fonts. Copy this files into the directory you intend to store and select it in the Add-on Settings.</description>
    <platform/>
    <license>GPL-2.0-or-later</license>
    <source>https://github.com/xbmc/audiodecoder.timidity</source>
    <assets>
      <icon>icon.png</icon>
    </assets>
  </extension>
</addon>
