<?xml version="1.0" encoding="UTF-8" standalone="yes"?>
<addon id="service.tvheadend42" name="Tvheadend Server 4.2" version="20.0.126" provider-name="Team CoreELEC">
  <requires><import addon="xbmc.python" version="3.0.0"/>

  </requires>
  <extension point="xbmc.service" library="default.py">
    <provides></provides>
  </extension>
  <extension point="xbmc.python.script" library="download.py">
    <provides></provides>
  </extension>
  <extension point="xbmc.addon.metadata">
    <summary>Tvheadend: a TV streaming server for Linux</summary>
    <description>
Tvheadend (4.2.8-36): is a TV streaming server for Linux supporting DVB-S/S2, DVB-C, DVB-T/T2, IPTV, SAT>IP, ATSC and ISDB-T
    </description>
    <disclaimer>

    </disclaimer>
    <platform>all</platform>
    <news>
126
- rebuild

125
- fix download zipped content for epg data with epg_grab_file

124
- fix query url for imdb.com and thetvdb.com

123
- Python3 ABI support

122
- update to 4.2.8-36
- update comskip to 2019-11-03
- fixed default recording path

121
- update to 4.2.8-27
- update comskip to 2019-03-30

120
- Use system gnutls

119
- Use system libidn2

118
- update to 4.2.7-44
- fix tv_grab_file usage of &amp; in urls

117
- update to 4.2.7-34
- added hint to FRITZ!Box support (not needed anymore since FW 7.0)

116
- added comskip
- update to 4.2.6-62
- fix Tvheadend works now without network too
- fix for AVM IPs were not set correctly

115
- update to 4.2.6-7

114
- update to 4.2.5-31
- addded manual Scan-Table update

113
- update to 4.2.4-23
- full transcoding support

112
- update to 4.2.3-20
- changed name

111
- update to Tvheadend 4.2.2-75

110
- added tv_grab_file support for compressed files (gz bz2 xz)
- update to Tvheadend 4.2.1.7
- fix FRITZ!Box support, AVM Repeater and 6490 are now working

109
- added custom start options to addon
- added FRITZ!Box Sat&gt;IP server support to addon
- update to Tvheadend 4.1.2415
- fix debug if activated but nothing selected

108
- added CA (libdvben50221) support
- update to Tvheadend 4.1.2401

107
- rebuild due ssl change

106
- update to Tvheadend 4.1.2309
- service gets restarted at changes in add-on settings
- improved Tvh defaults

105
- update to Tvheadend 4.1.2236
- fixes picons download from Tvh server
- fixes empty/incomplete frequency scan-tables

104
- update to Tvheadend 4.1.2195
- added TRACE debug option at the addon config

103
- update to Tvheadend 4.1.2134

102
- update for LibreELEC 8.0
- update to Tvheadend 4.1.1945
- fix the XMLTV import script

100
- initial LibreELEC version
    </news>
    <assets><icon>resources/icon.png</icon><fanart>resources/fanart.png</fanart>
<screenshot>resources/screenshot-01.png</screenshot>
<screenshot>resources/screenshot-02.png</screenshot>
<screenshot>resources/screenshot-03.png</screenshot>
<screenshot>resources/screenshot-04.png</screenshot>

    </assets>
  </extension>
</addon>
