<?xml version="1.0" encoding="UTF-8"?>
<addon id="game.libretro.scummvm" name="ScummVM" version="2.1.1.25.2" provider-name="SCUMMVMdev">
  <requires>
    <import addon="game.libretro" version="1.0.0"/>
    <import addon="game.controller.default" version="1.0.0"/>
    <import addon="game.controller.keyboard" version="1.0.0"/>
    <import addon="game.controller.mouse" version="1.0.0"/>
  </requires>
  <extension point="kodi.gameclient" library_linux="game.libretro.scummvm.so">
    <platforms/>
    <extensions>scummvm</extensions>
    <supports_vfs>false</supports_vfs>
    <supports_standalone>true</supports_standalone>
    <requires_opengl>false</requires_opengl>
  </extension>
  <extension point="xbmc.addon.metadata">
    <license>GPLv2</license>
    <platform/>
    <source>https://github.com/kodi-game/game.libretro.scummvm</source>
    <assets>
      <icon>resources/icon.png</icon>
      <fanart>resources/fanart.jpg</fanart>
      <screenshot>resources/screenshot-01.jpg</screenshot>
      <screenshot>resources/screenshot-02.jpg</screenshot>
      <screenshot>resources/screenshot-03.jpg</screenshot>
    </assets>
    <summary lang="en_GB">ScummVM 2.1.1</summary>
    <description lang="da_DK">ScummVM er en samling af spilmotorer. ScummVM emulerer flere systemer, inklusiv SCUMM-systemet til LucasArts eventyrspil.</description>
    <description lang="en_GB">ScummVM is a collection of game engine recreations. ScummVM emulates several systems, including the SCUMM system for LucasArts adventure games.</description>
  </extension>
</addon>
