<?xml version="1.0" encoding="UTF-8" standalone="yes"?>
<addon id="virtual.system-tools"
       name="System Tools"
       version="20.0.1.0"
       provider-name="Team CoreELEC">
  <requires>
    <import addon="xbmc.python" version="3.0.0"/>

  </requires>
  <extension point="xbmc.python.script" library="default.py">
    <provides></provides>
  </extension>
  <extension point="xbmc.addon.metadata">
    <summary>A bundle of system tools and programs</summary>
    <description>
This bundle currently includes autossh, bottom, diffutils, dstat, dtach, efibootmgr, encfs, evtest, fdupes, file, getscancodes, hddtemp, hd-idle, hid_mapper, htop, i2c-tools, inotify-tools, jq, kmsxx, libgpiod, lm_sensors, lshw, mc, mmc-utils, mtpfs, nmon, p7zip, patch, pv, screen, smartmontools, stress-ng, unrar, usb-modeswitch and vim.
    </description>
    <disclaimer>

    </disclaimer>
    <platform>all</platform>
    <news>
initial release
    </news>
    <assets>
      <icon>resources/icon.png</icon>
      <fanart>resources/fanart.png</fanart>

    </assets>
  </extension>
</addon>
