<?xml version="1.0" encoding="UTF-8"?>
<addon id="game.libretro.prosystem" name="Atari - 7800 (ProSystem)" version="1.3.0.22.1" provider-name="Greg Stanton, Brian Berlin, Leonis, Greg DeMent">
  <requires>
    <import addon="game.libretro" version="1.0.0"/>
    <import addon="game.controller.atari.7800.proline" version="1.0.0"/>
    <import addon="game.controller.atari.7800.gamepad" version="1.0.0"/>
  </requires>
  <extension point="kodi.gameclient" library_linux="game.libretro.prosystem.so">
    <platforms>7800</platforms>
    <extensions>a78|bin</extensions>
    <supports_vfs>true</supports_vfs>
    <supports_standalone>false</supports_standalone>
    <requires_opengl>false</requires_opengl>
  </extension>
  <extension point="xbmc.addon.metadata">
    <license>GPLv2</license>
    <platform/>
    <source>https://github.com/kodi-game/game.libretro.prosystem</source>
    <assets>
      <screenshot>resources/screenshot-01.jpg</screenshot>
      <screenshot>resources/screenshot-02.jpg</screenshot>
      <screenshot>resources/screenshot-03.jpg</screenshot>
    </assets>
    <summary lang="en_GB">Atari - 7800 (ProSystem) 1.3e</summary>
    <description lang="en_GB">ProSystem is an Atari 7800 emulator.[CR][CR]Place "7800 BIOS (U).rom" (optional) in the emulator's userdata folder.</description>
  </extension>
</addon>
