<?xml version="1.0" encoding="UTF-8"?>
<addon id="visualization.matrix" version="20.2.0.2" name="Matrix" provider-name="Sarbes">
  <requires>
    <import addon="kodi.binary.global.main" minversion="2.0.0" version="2.0.2"/>
    <import addon="kodi.binary.global.general" minversion="1.0.4" version="1.0.5"/>
    <import addon="kodi.binary.global.gui" minversion="5.15.0" version="5.15.0"/>
    <import addon="kodi.binary.global.filesystem" minversion="1.1.7" version="1.1.8"/>
    <import addon="kodi.binary.instance.visualization" minversion="4.0.0" version="4.0.0"/>
  </requires>
  <extension point="xbmc.player.musicviz" library_linux="visualization.matrix.so.20.2.0"/>
  <extension point="xbmc.addon.metadata">
    <platform/>
    <license>GPL-2.0-or-later</license>
    <source>https://github.com/xbmc/visualization.matrix</source>
    <assets>
      <icon>resources/icon.jpg</icon>
      <fanart>resources/fanart.jpg</fanart>
    </assets>
    <summary lang="da_DK">Matrix-inspireret visualisering til Kodi.</summary>
    <summary lang="de_DE">Von "Matrix" inspirierte Musikvisualierung für Kodi.</summary>
    <summary lang="en_GB">Matrix inspired visualization for Kodi.</summary>
    <summary lang="es_MX">Visualización inspirada en Matrix para Kodi.</summary>
    <summary lang="zh_CN">受矩阵启发的KODI可视化。</summary>
    <description lang="da_DK">Denne musikvisualisering er inspireret af filmen "Matrix". Den har otte forudindstillinger.</description>
    <description lang="de_DE">Diese Musikvisualisierung wurde durch den Film "Matrix" inspiriert. Sie bietet acht verschiedene Presets.</description>
    <description lang="en_GB">This music visualization is inspired by the movie "Matrix". It features eight presets.</description>
    <description lang="es_MX">Esta visualización musical está inspirada en la película "Matrix". Contiene 8 preajustes.</description>
    <description lang="zh_CN">这次音乐可视化的灵感来自电影《黑客帝国》。它有八个预置。</description>
  </extension>
</addon>
