<?xml version="1.0" encoding="UTF-8"?>
<addon id="peripheral.xarcade" version="20.1.3.3" name="X-Arcade Tankstick Driver" provider-name="Team Kodi">
  <requires>
    <import addon="kodi.binary.global.main" minversion="2.0.0" version="2.0.2"/>
    <import addon="kodi.binary.instance.peripheral" minversion="2.0.0" version="2.0.0"/>
  </requires>
  <extension point="kodi.peripheral" provides_joysticks="true" provides_buttonmaps="false" library_linux="peripheral.xarcade.so.20.1.3"/>
  <extension point="xbmc.addon.metadata">
    <platform/>
    <license>GPL-2.0-or-later</license>
    <source>https://github.com/kodi-game/peripheral.xarcade</source>
    <assets>
      <icon>resources/icon.png</icon>
    </assets>
    <summary lang="ca_ES">Controlador X-Arcade Tankstick</summary>
    <summary lang="da_DK">X-Arcade Tankstick driver</summary>
    <summary lang="de_DE">Treiber für X-Arcade Tankstick</summary>
    <summary lang="en_GB">X-Arcade Tankstick driver</summary>
    <summary lang="es_ES">Driver X-Arcade Tankstick</summary>
    <summary lang="es_MX">Controlador X-Arcade Tankstick</summary>
    <summary lang="fi_FI">X-Arcade Tankstick -ajuri</summary>
    <summary lang="fr_FR">Pilote Tankstick X-Arcade</summary>
    <summary lang="hr_HR">X-Arcade Tankstick uređaj</summary>
    <summary lang="it_IT">Driver X-Arcade Tankstick</summary>
    <summary lang="ko_KR">X-Arcade Tankstick 드라이버</summary>
    <summary lang="lv_LV">X-Arcade Tankstick draiveris</summary>
    <summary lang="nb_NO">X-Arcade Tankstick driver</summary>
    <summary lang="pl_PL">Sterownik X-Arcade Tankstick</summary>
    <summary lang="pt_BR">Driver X-Arcade Tankstick</summary>
    <summary lang="pt_PT">Controlador de X-Arcade Tankstick</summary>
    <summary lang="ru_RU">Драйвер X-Arcade Tankstick</summary>
    <summary lang="sv_SE">X-Arcade Tankstick-drivrutin</summary>
    <summary lang="tr_TR">X-Arcade Tankstick sürücüsü</summary>
    <summary lang="zh_CN">X-Arcade Tankstick 驱动</summary>
    <description lang="ca_ES">Aquest controlador permet l'entrada de l'X-Arcade Tankstick.[CR][CR]Es necessita una regla udev. Consulta https://kodi.wiki/view/Tankstick</description>
    <description lang="da_DK">Denne driver muliggør input fra X-Arcade Tankstick.[CR][CR]En udev-regel er nødvendig. Se https://kodi.wiki/view/Tankstick</description>
    <description lang="de_DE">Dieser Treiber ermöglicht Eingaben mit dem X-Arcade Tankstick.[CR][CR]Eine udev-Regel wird benötigt. Weitere Informationen unter https://kodi.wiki/view/Tankstick</description>
    <description lang="en_GB">This driver enables input from the X-Arcade Tankstick.[CR][CR]A udev rule is needed. See https://kodi.wiki/view/Tankstick</description>
    <description lang="es_ES">Este driver activa la entrada de X-Arcade Tankstick.[CR][CR] se necesita una regla udev. Mire en https://kodi.wiki/view/Tankstick</description>
    <description lang="es_MX">Este controlador habilita la entrada del X-Arcade Tankstick.[CR][CR]Se requiere una regla udev. Consulta https://kodi.wiki/view/Tankstick</description>
    <description lang="fi_FI">Tämä ajuri mahdollistaa X-Arcade Tankstick -ohjaimen käytön.[CR][CR]Tarvitaan udev-sääntö. Lue https://kodi.wiki/view/Tankstick</description>
    <description lang="fr_FR">Ce pilote active la saisie depuis le X-Arcade Tankstick.[CR][CR]Une règle udev est nécessaire. Voir https://kodi.wiki/view/Tankstick</description>
    <description lang="hr_HR">Ovaj uređaj omogućuje ulaz iz the X-Arcade Tankstick.[CR][CR]A udev rule je potreban. Pogledajte https://kodi.wiki/view/Tankstick</description>
    <description lang="it_IT">Questo driver abilita l'input dall'X-Arcade Tankstick.[CR][CR]È necessaria una regola udev. Vedi https://kodi.wiki/view/Tankstick</description>
    <description lang="ko_KR">이 드라이버는 X-Arcade Tankstick에서 입력을 활성화합니다.[CR][CR]udev 규칙이 필요합니다. https://kodi.wiki/view/Tankstick 참조</description>
    <description lang="lv_LV">Šis draiveris nodrošina ievadi izmantojot X-Arcade Tankstick.[CR][CR]Ir nepieciešams udev noteikums. Skatiet https://kodi.wiki/view/Tankstick</description>
    <description lang="nb_NO">Denne driveren muliggjør input fra X-Arcade Tankstick.[CR][CR]En udev-regel er nødvendig. Se https://kodi.wiki/view/Tankstick</description>
    <description lang="pl_PL">Ten sterownik umożliwia odczyt danych wejściowych z urządzenia X-Arcade Tankstick.[CR][CR]Potrzebna jest reguła udev. Zobacz https://kodi.wiki/view/Tankstick</description>
    <description lang="pt_BR">Este driver habilita a entrada para X-Arcade Tankstick. [CR][CR]Uma regra udev é necessária. Consulte https://kodi.wiki/view/Tankstick</description>
    <description lang="pt_PT">Este controlador permite a entrada desde o X-Arcade Tankstick.[CR][CR]Uma regra do udev é necessária. Veja https://kodi.wiki/view/Tankstick</description>
    <description lang="ru_RU">Этот драйвер позволяет вводить данные с X-Arcade Tankstick.[CR][CR]Необходимо правило udev. См. https://kodi.wiki/view/Tankstick</description>
    <description lang="sv_SE">Denna drivrutin möjliggör inmatning från X-Arcade Tankstick.[CR][CR]En udev-regel behövs. Se https://kodi.wiki/view/Tankstick</description>
    <description lang="tr_TR">Bu sürücü, X-Arcade Tankstick'ten giriş yapılmasını sağlar.[CR][CR]Bir udev kuralı gereklidir. https://kodi.wiki/view/Tankstick adresine bakınız</description>
    <description lang="zh_CN">此驱动程序启用来自 X-Arcade Tankstick 的输入。[CR][CR]需要 udev 规则。参见 https://kodi.wiki/view/Tankstick</description>
  </extension>
</addon>
